,Sample name,Sex,Biosample ID,Population code,Population name,Superpopulation code,Superpopulation name,Population elastic ID,Data collections
1,HG00157,male,SAME124590,GBR,British,EUR,European Ancestry,GBR,"1000 Genomes on GRCh38,1000 Genomes 30x on GRCh38,1KG_ONT_VIENNA,1000 Genomes phase 3 release,1000 Genomes phase 1 release,Geuvadis"
2,HG00171,female,SAME124961,FIN,Finnish,EUR,European Ancestry,FIN,"1000 Genomes on GRCh38,1000 Genomes 30x on GRCh38,Human Genome Structural Variation Consortium, Phase 2,Human Genome Structural Variation Consortium, Phase 3,1KG_ONT_VIENNA,1000 Genomes phase 3 release,1000 Genomes phase 1 release,Geuvadis"
5,HG00188,male,SAME123641,FIN,Finnish,EUR,European Ancestry,FIN,"1000 Genomes on GRCh38,1000 Genomes 30x on GRCh38,1KG_ONT_VIENNA,MAGE RNA-seq,1000 Genomes phase 3 release,1000 Genomes phase 1 release,Geuvadis"
6,HG00190,male,SAME123856,FIN,"Finnish,Finnish",EUR,"European Ancestry,West Eurasia (SGDP)","FIN,FinnishSGDP","1000 Genomes on GRCh38,Simons Genome Diversity Project,1000 Genomes 30x on GRCh38,1KG_ONT_VIENNA,MAGE RNA-seq,1000 Genomes phase 3 release,1000 Genomes phase 1 release"
11,HG00258,female,SAME123057,GBR,British,EUR,European Ancestry,GBR,"1000 Genomes on GRCh38,1000 Genomes 30x on GRCh38,1KG_ONT_VIENNA,Human Pangenome Reference Consortium, Phase 2,1000 Genomes phase 3 release,1000 Genomes phase 1 release,Geuvadis"
16,HG00284,male,SAME122835,FIN,Finnish,EUR,European Ancestry,FIN,"1000 Genomes on GRCh38,1000 Genomes 30x on GRCh38,1KG_ONT_VIENNA,1000 Genomes phase 3 release,1000 Genomes phase 1 release,Geuvadis"
19,HG00311,male,SAME124339,FIN,Finnish,EUR,European Ancestry,FIN,"1000 Genomes on GRCh38,1000 Genomes 30x on GRCh38,1KG_ONT_VIENNA,MAGE RNA-seq,1000 Genomes phase 3 release,1000 Genomes phase 1 release,Geuvadis"
20,HG00323,female,SAME123795,FIN,Finnish,EUR,European Ancestry,FIN,"1000 Genomes on GRCh38,1000 Genomes 30x on GRCh38,1KG_ONT_VIENNA,Human Pangenome Reference Consortium, Phase 2,1000 Genomes phase 3 release,1000 Genomes phase 1 release,Geuvadis"
23,HG00335,male,SAME123982,FIN,Finnish,EUR,European Ancestry,FIN,"1000 Genomes on GRCh38,1000 Genomes 30x on GRCh38,1KG_ONT_VIENNA,MAGE RNA-seq,1000 Genomes phase 3 release,1000 Genomes phase 1 release,Geuvadis"
24,HG00342,male,SAME124924,FIN,Finnish,EUR,European Ancestry,FIN,"1000 Genomes on GRCh38,1000 Genomes 30x on GRCh38,1KG_ONT_VIENNA,MAGE RNA-seq,1000 Genomes phase 3 release,1000 Genomes phase 1 release,Geuvadis"
26,HG00361,female,SAME124538,FIN,Finnish,EUR,European Ancestry,FIN,"1000 Genomes on GRCh38,1000 Genomes 30x on GRCh38,1KG_ONT_VIENNA,1000 Genomes phase 3 release,1000 Genomes phase 1 release,Geuvadis"
29,HG00378,female,SAME124745,FIN,Finnish,EUR,European Ancestry,FIN,"1000 Genomes on GRCh38,1000 Genomes 30x on GRCh38,1KG_ONT_VIENNA,1000 Genomes phase 3 release,1000 Genomes phase 1 release,Geuvadis"
33,HG00436,male,SAME125262,CHS,Southern Han Chinese,EAS,East Asian Ancestry,CHS,"1000 Genomes on GRCh38,1000 Genomes 30x on GRCh38,1KG_ONT_VIENNA,1000 Genomes phase 3 release,1000 Genomes phase 1 release,90 Han Chinese high coverage genomes"
34,HG00443,female,SAME124920,CHS,Southern Han Chinese,EAS,East Asian Ancestry,CHS,"1000 Genomes on GRCh38,1000 Genomes 30x on GRCh38,1KG_ONT_VIENNA,1000 Genomes phase 3 release,1000 Genomes phase 1 release,90 Han Chinese high coverage genomes"
38,HG00479,female,SAME123334,CHS,Southern Han Chinese,EAS,East Asian Ancestry,CHS,"1000 Genomes on GRCh38,1000 Genomes 30x on GRCh38,1KG_ONT_VIENNA,1000 Genomes phase 3 release,1000 Genomes phase 1 release,90 Han Chinese high coverage genomes"
40,HG00099,female,SAME123271,GBR,British,EUR,European Ancestry,GBR,"1000 Genomes on GRCh38,1000 Genomes 30x on GRCh38,1KG_ONT_VIENNA,Human Pangenome Reference Consortium, Phase 2,1000 Genomes phase 3 release,1000 Genomes phase 1 release,Geuvadis"
42,HG00107,male,SAME123947,GBR,British,EUR,European Ancestry,GBR,"1000 Genomes on GRCh38,1000 Genomes 30x on GRCh38,1KG_ONT_VIENNA,1000 Genomes phase 3 release,1000 Genomes phase 1 release,Geuvadis"
43,HG00114,male,SAME125343,GBR,British,EUR,European Ancestry,GBR,"1000 Genomes on GRCh38,1000 Genomes 30x on GRCh38,1KG_ONT_VIENNA,MAGE RNA-seq,1000 Genomes phase 3 release,1000 Genomes phase 1 release,Geuvadis"
47,HG00133,female,SAME123062,GBR,British,EUR,European Ancestry,GBR,"1000 Genomes on GRCh38,1000 Genomes 30x on GRCh38,1KG_ONT_VIENNA,Human Pangenome Reference Consortium, Phase 2,1000 Genomes phase 3 release,1000 Genomes phase 1 release,Geuvadis"
51,HG00513,female,SAME123526,CHS,Southern Han Chinese,EAS,East Asian Ancestry,CHS,"1000 Genomes on GRCh38,1000 Genomes 30x on GRCh38,Human Genome Structural Variation Consortium, Phase 2,Human Genome Structural Variation Consortium, Phase 3,1KG_ONT_VIENNA,MAGE RNA-seq,The Human Genome Structural Variation Consortium,1000 Genomes phase 3 release,1000 Genomes phase 1 release,90 Han Chinese high coverage genomes"
54,HG00537,female,SAME124345,CHS,Southern Han Chinese,EAS,East Asian Ancestry,CHS,"1000 Genomes on GRCh38,1000 Genomes 30x on GRCh38,1KG_ONT_VIENNA,MAGE RNA-seq,1000 Genomes phase 3 release,1000 Genomes phase 1 release,90 Han Chinese high coverage genomes"
56,HG00551,female,SAME124252,PUR,Puerto Rican,AMR,American Ancestry,PUR,"1000 Genomes on GRCh38,1000 Genomes 30x on GRCh38,1KG_ONT_VIENNA,MAGE RNA-seq,1000 Genomes phase 3 release,1000 Genomes phase 1 release"
61,HG00607,male,SAME125373,CHS,Southern Han Chinese,EAS,East Asian Ancestry,CHS,"1000 Genomes on GRCh38,1000 Genomes 30x on GRCh38,1KG_ONT_VIENNA,MAGE RNA-seq,1000 Genomes phase 3 release,1000 Genomes phase 1 release"
63,HG00619,male,SAME125193,CHS,Southern Han Chinese,EAS,East Asian Ancestry,CHS,"1000 Genomes on GRCh38,1000 Genomes 30x on GRCh38,1KG_ONT_VIENNA,1000 Genomes phase 3 release,1000 Genomes phase 1 release,90 Han Chinese high coverage genomes"
65,HG00626,female,SAME123078,CHS,Southern Han Chinese,EAS,East Asian Ancestry,CHS,"1000 Genomes on GRCh38,1000 Genomes 30x on GRCh38,1KG_ONT_VIENNA,1000 Genomes phase 3 release,1000 Genomes phase 1 release"
70,HG00657,female,SAME123255,CHS,Southern Han Chinese,EAS,East Asian Ancestry,CHS,"1000 Genomes on GRCh38,1000 Genomes 30x on GRCh38,1KG_ONT_VIENNA,MAGE RNA-seq,1000 Genomes phase 3 release,1000 Genomes phase 1 release,90 Han Chinese high coverage genomes"
81,HG01530,male,SAME125137,IBS,Iberian,EUR,European Ancestry,IBS,"1000 Genomes on GRCh38,1000 Genomes 30x on GRCh38,1KG_ONT_VIENNA,Human Pangenome Reference Consortium, Phase 2,1000 Genomes phase 3 release"
82,HG01566,female,SAME124564,PEL,Peruvian,AMR,American Ancestry,PEL,"1000 Genomes on GRCh38,1000 Genomes 30x on GRCh38,1KG_ONT_VIENNA,1000 Genomes phase 3 release"
84,HG01578,female,SAME124351,PEL,Peruvian,AMR,American Ancestry,PEL,"1000 Genomes on GRCh38,1000 Genomes 30x on GRCh38,1KG_ONT_VIENNA,MAGE RNA-seq,1000 Genomes phase 3 release"
85,HG01597,female,SAME125226,KHV,Kinh Vietnamese,EAS,East Asian Ancestry,KHV,"1000 Genomes on GRCh38,1000 Genomes 30x on GRCh38,1KG_ONT_VIENNA,MAGE RNA-seq,1000 Genomes phase 3 release"
86,HG01600,female,SAME123456,KHV,"Kinh,Kinh Vietnamese",EAS,"East Asia (SGDP),East Asian Ancestry","KinhSGDP,KHV","1000 Genomes on GRCh38,Simons Genome Diversity Project,1000 Genomes 30x on GRCh38,1KG_ONT_VIENNA,MAGE RNA-seq,1000 Genomes phase 3 release"
87,HG01605,female,SAME123459,IBS,Iberian,EUR,European Ancestry,IBS,"1000 Genomes on GRCh38,1000 Genomes 30x on GRCh38,1KG_ONT_VIENNA,1000 Genomes phase 3 release"
88,HG01612,female,SAME123625,IBS,Iberian,EUR,European Ancestry,IBS,"1000 Genomes on GRCh38,1000 Genomes 30x on GRCh38,1KG_ONT_VIENNA,1000 Genomes phase 3 release"
89,HG01617,male,SAME123630,IBS,Iberian,EUR,European Ancestry,IBS,"1000 Genomes on GRCh38,1000 Genomes 30x on GRCh38,1KG_ONT_VIENNA,1000 Genomes phase 3 release,1000 Genomes phase 1 release"
101,HG01756,male,SAME124988,IBS,Iberian,EUR,European Ancestry,IBS,"1000 Genomes on GRCh38,1000 Genomes 30x on GRCh38,1KG_ONT_VIENNA,1000 Genomes phase 3 release"
109,HG01953,male,SAME123974,PEL,Peruvian,AMR,American Ancestry,PEL,"1000 Genomes on GRCh38,1000 Genomes 30x on GRCh38,1KG_ONT_VIENNA,MAGE RNA-seq,1000 Genomes phase 3 release"
112,HG01965,female,SAME1839145,PEL,Peruvian,AMR,American Ancestry,PEL,"1000 Genomes on GRCh38,1000 Genomes 30x on GRCh38,1KG_ONT_VIENNA,MAGE RNA-seq,1000 Genomes phase 3 release"
114,HG01977,male,SAME124324,PEL,Peruvian,AMR,American Ancestry,PEL,"1000 Genomes on GRCh38,1000 Genomes 30x on GRCh38,1KG_ONT_VIENNA,1000 Genomes phase 3 release"
117,HG01991,male,SAME124743,PEL,Peruvian,AMR,American Ancestry,PEL,"1000 Genomes on GRCh38,1000 Genomes 30x on GRCh38,1KG_ONT_VIENNA,1000 Genomes phase 3 release"
126,HG02064,male,SAME1839658,KHV,Kinh Vietnamese,EAS,East Asian Ancestry,KHV,"1000 Genomes on GRCh38,1000 Genomes 30x on GRCh38,1KG_ONT_VIENNA,1000 Genomes phase 3 release"
127,HG02069,female,SAME123375,KHV,Kinh Vietnamese,EAS,East Asian Ancestry,KHV,"1000 Genomes on GRCh38,1000 Genomes 30x on GRCh38,1KG_ONT_VIENNA,MAGE RNA-seq,1000 Genomes phase 3 release"
136,HG00739,male,SAME125113,PUR,Puerto Rican,AMR,American Ancestry,PUR,"1000 Genomes on GRCh38,1000 Genomes 30x on GRCh38,1KG_ONT_VIENNA,1000 Genomes phase 3 release,1000 Genomes phase 1 release"
139,HG01028,male,SAME123524,CDX,Dai Chinese,EAS,East Asian Ancestry,CDX,"1000 Genomes on GRCh38,1000 Genomes 30x on GRCh38,1KG_ONT_VIENNA,Human Pangenome Reference Consortium, Phase 2,1000 Genomes phase 3 release"
140,HG01047,male,SAME123166,PUR,Puerto Rican,AMR,American Ancestry,PUR,"1000 Genomes on GRCh38,1000 Genomes 30x on GRCh38,1KG_ONT_VIENNA,MAGE RNA-seq,1000 Genomes phase 3 release,1000 Genomes phase 1 release"
141,HG01054,male,SAME123663,PUR,Puerto Rican,AMR,American Ancestry,PUR,"1000 Genomes on GRCh38,1000 Genomes 30x on GRCh38,1KG_ONT_VIENNA,1000 Genomes phase 3 release,1000 Genomes phase 1 release"
143,HG01066,male,SAME124294,PUR,Puerto Rican,AMR,American Ancestry,PUR,"1000 Genomes on GRCh38,1000 Genomes 30x on GRCh38,1KG_ONT_VIENNA,1000 Genomes phase 3 release,1000 Genomes phase 1 release"
144,HG01073,female,SAME124095,PUR,Puerto Rican,AMR,American Ancestry,PUR,"1000 Genomes on GRCh38,1000 Genomes 30x on GRCh38,1KG_ONT_VIENNA,MAGE RNA-seq,1000 Genomes phase 3 release,1000 Genomes phase 1 release"
146,HG01085,male,SAME125391,PUR,Puerto Rican,AMR,American Ancestry,PUR,"1000 Genomes on GRCh38,1000 Genomes 30x on GRCh38,1KG_ONT_VIENNA,1000 Genomes phase 3 release,1000 Genomes phase 1 release"
152,HG01124,male,SAME124053,CLM,Colombian,AMR,American Ancestry,CLM,"1000 Genomes on GRCh38,1000 Genomes 30x on GRCh38,1KG_ONT_VIENNA,1000 Genomes phase 3 release,1000 Genomes phase 1 release"
153,HG01131,female,SAME1839985,CLM,Colombian,AMR,American Ancestry,CLM,"1000 Genomes on GRCh38,1000 Genomes 30x on GRCh38,1KG_ONT_VIENNA,MAGE RNA-seq,1000 Genomes phase 3 release"
154,HG01136,male,SAME123889,CLM,Colombian,AMR,American Ancestry,CLM,"1000 Genomes on GRCh38,1000 Genomes 30x on GRCh38,1KG_ONT_VIENNA,1000 Genomes phase 3 release,1000 Genomes phase 1 release"
158,HG02139,female,SAME123660,KHV,Kinh Vietnamese,EAS,East Asian Ancestry,KHV,"1000 Genomes on GRCh38,1000 Genomes 30x on GRCh38,1KG_ONT_VIENNA,1000 Genomes phase 3 release"
160,HG02146,male,SAME1839613,PEL,Peruvian,AMR,American Ancestry,PEL,"1000 Genomes on GRCh38,1000 Genomes 30x on GRCh38,1KG_ONT_VIENNA,1000 Genomes phase 3 release"
161,HG02153,female,SAME124791,CDX,Dai Chinese,EAS,East Asian Ancestry,CDX,"1000 Genomes on GRCh38,1000 Genomes 30x on GRCh38,1KG_ONT_VIENNA,1000 Genomes phase 3 release"
162,HG02165,female,SAME124208,CDX,Dai Chinese,EAS,East Asian Ancestry,CDX,"1000 Genomes on GRCh38,1000 Genomes 30x on GRCh38,1KG_ONT_VIENNA,MAGE RNA-seq,Human Pangenome Reference Consortium, Phase 2,1000 Genomes phase 3 release"
163,HG02184,female,SAME123216,CDX,Dai Chinese,EAS,East Asian Ancestry,CDX,"1000 Genomes on GRCh38,1000 Genomes 30x on GRCh38,1KG_ONT_VIENNA,1000 Genomes phase 3 release"
165,HG02223,female,SAME1839584,IBS,Iberian,EUR,European Ancestry,IBS,"1000 Genomes on GRCh38,1000 Genomes 30x on GRCh38,1KG_ONT_VIENNA,1000 Genomes phase 3 release"
171,HG02266,female,SAME1839110,PEL,Peruvian,AMR,American Ancestry,PEL,"1000 Genomes on GRCh38,1000 Genomes 30x on GRCh38,1KG_ONT_VIENNA,1000 Genomes phase 3 release"
175,HG02285,male,SAME122914,PEL,Peruvian,AMR,American Ancestry,PEL,"1000 Genomes on GRCh38,1000 Genomes 30x on GRCh38,1KG_ONT_VIENNA,1000 Genomes phase 3 release"
177,HG01794,female,SAME124218,CDX,Dai Chinese,EAS,East Asian Ancestry,CDX,"1000 Genomes on GRCh38,1000 Genomes 30x on GRCh38,1KG_ONT_VIENNA,1000 Genomes phase 3 release"
180,HG01807,female,SAME124303,CDX,Dai Chinese,EAS,East Asian Ancestry,CDX,"1000 Genomes on GRCh38,1000 Genomes 30x on GRCh38,1KG_ONT_VIENNA,1000 Genomes phase 3 release"
181,HG01840,male,SAME123552,KHV,Kinh Vietnamese,EAS,East Asian Ancestry,KHV,"1000 Genomes on GRCh38,1000 Genomes 30x on GRCh38,1KG_ONT_VIENNA,1000 Genomes phase 3 release"
187,HG01871,female,SAME123398,KHV,Kinh Vietnamese,EAS,East Asian Ancestry,KHV,"1000 Genomes on GRCh38,1000 Genomes 30x on GRCh38,1KG_ONT_VIENNA,1000 Genomes phase 3 release"
196,HG01939,female,SAME123592,PEL,Peruvian,AMR,American Ancestry,PEL,"1000 Genomes on GRCh38,1000 Genomes 30x on GRCh38,1KG_ONT_VIENNA,MAGE RNA-seq,1000 Genomes phase 3 release"
197,HG01148,male,SAME124424,CLM,Colombian,AMR,American Ancestry,CLM,"1000 Genomes on GRCh38,1000 Genomes 30x on GRCh38,1KG_ONT_VIENNA,1000 Genomes phase 3 release,1000 Genomes phase 1 release"
200,HG01167,male,SAME124798,PUR,Puerto Rican,AMR,American Ancestry,PUR,"1000 Genomes on GRCh38,1000 Genomes 30x on GRCh38,1KG_ONT_VIENNA,Human Pangenome Reference Consortium, Phase 2,1000 Genomes phase 3 release,1000 Genomes phase 1 release"
201,HG01174,female,SAME124619,PUR,Puerto Rican,AMR,American Ancestry,PUR,"1000 Genomes on GRCh38,1000 Genomes 30x on GRCh38,1KG_ONT_VIENNA,MAGE RNA-seq,1000 Genomes phase 3 release,1000 Genomes phase 1 release"
202,HG01198,female,SAME125228,PUR,Puerto Rican,AMR,American Ancestry,PUR,"1000 Genomes on GRCh38,1000 Genomes 30x on GRCh38,1KG_ONT_VIENNA,1000 Genomes phase 3 release,1000 Genomes phase 1 release"
206,HG01256,male,SAME125287,CLM,Colombian,AMR,American Ancestry,CLM,"1000 Genomes on GRCh38,1000 Genomes 30x on GRCh38,1KG_ONT_VIENNA,1000 Genomes phase 3 release,1000 Genomes phase 1 release"
207,HG01275,female,SAME123002,CLM,Colombian,AMR,American Ancestry,CLM,"1000 Genomes on GRCh38,1000 Genomes 30x on GRCh38,1KG_ONT_VIENNA,1000 Genomes phase 3 release,1000 Genomes phase 1 release"
208,HG01302,male,SAME1840038,PUR,Puerto Rican,AMR,American Ancestry,PUR,"1000 Genomes on GRCh38,1000 Genomes 30x on GRCh38,1KG_ONT_VIENNA,1000 Genomes phase 3 release"
210,HG01345,female,SAME124863,CLM,Colombian,AMR,American Ancestry,CLM,"1000 Genomes on GRCh38,1000 Genomes 30x on GRCh38,1KG_ONT_VIENNA,MAGE RNA-seq,1000 Genomes phase 3 release,1000 Genomes phase 1 release"
217,HG01390,female,SAME122805,CLM,Colombian,AMR,American Ancestry,CLM,"1000 Genomes on GRCh38,1000 Genomes 30x on GRCh38,1KG_ONT_VIENNA,MAGE RNA-seq,1000 Genomes phase 3 release,1000 Genomes phase 1 release"
224,HG01465,female,SAME122882,CLM,Colombian,AMR,American Ancestry,CLM,"1000 Genomes on GRCh38,1000 Genomes 30x on GRCh38,1KG_ONT_VIENNA,1000 Genomes phase 3 release,1000 Genomes phase 1 release"
227,HG01489,female,SAME123972,CLM,Colombian,AMR,American Ancestry,CLM,"1000 Genomes on GRCh38,1000 Genomes 30x on GRCh38,1KG_ONT_VIENNA,MAGE RNA-seq,1000 Genomes phase 3 release,1000 Genomes phase 1 release"
230,HG01504,female,SAME124945,IBS,"Iberian,Spanish",EUR,"European Ancestry,West Eurasia (SGDP)","IBS,SpanishSGDP","1000 Genomes on GRCh38,Simons Genome Diversity Project,1000 Genomes 30x on GRCh38,1KG_ONT_VIENNA,1000 Genomes phase 3 release"
231,HG01509,male,SAME124940,IBS,Iberian,EUR,European Ancestry,IBS,"1000 Genomes on GRCh38,1000 Genomes 30x on GRCh38,1KG_ONT_VIENNA,MAGE RNA-seq,1000 Genomes phase 3 release"
234,HG04015,male,SAME1839847,ITU,Telugu,SAS,South Asian Ancestry,ITU,"1000 Genomes on GRCh38,1000 Genomes 30x on GRCh38,1KG_ONT_VIENNA,1000 Genomes phase 3 release"
235,HG04022,male,SAME1839691,ITU,Telugu,SAS,South Asian Ancestry,ITU,"1000 Genomes on GRCh38,1000 Genomes 30x on GRCh38,1KG_ONT_VIENNA,1000 Genomes phase 3 release"
236,HG04039,male,SAME1839506,STU,Tamil,SAS,South Asian Ancestry,STU,"1000 Genomes on GRCh38,1000 Genomes 30x on GRCh38,1KG_ONT_VIENNA,1000 Genomes phase 3 release"
248,HG04180,female,SAME1840012,BEB,Bengali,SAS,South Asian Ancestry,BEB,"1000 Genomes on GRCh38,1000 Genomes 30x on GRCh38,1KG_ONT_VIENNA,1000 Genomes phase 3 release"
252,HG04200,female,SAME1839511,ITU,Telugu,SAS,South Asian Ancestry,ITU,"1000 Genomes on GRCh38,1000 Genomes 30x on GRCh38,1KG_ONT_VIENNA,1000 Genomes phase 3 release"
287,HG03593,male,SAME1839171,BEB,Bengali,SAS,South Asian Ancestry,BEB,"1000 Genomes on GRCh38,1000 Genomes 30x on GRCh38,1KG_ONT_VIENNA,MAGE RNA-seq,1000 Genomes phase 3 release"
288,HG03598,female,SAME1839194,BEB,Bengali,SAS,South Asian Ancestry,BEB,"1000 Genomes on GRCh38,1000 Genomes 30x on GRCh38,1KG_ONT_VIENNA,MAGE RNA-seq,1000 Genomes phase 3 release"
293,HG03644,male,SAME1839638,STU,Tamil,SAS,South Asian Ancestry,STU,"1000 Genomes on GRCh38,1000 Genomes 30x on GRCh38,1KG_ONT_VIENNA,1000 Genomes phase 3 release"
299,HG02494,female,SAME1839698,PJL,"Punjabi,Punjabi",SAS,"South Asia (SGDP),South Asian Ancestry","PunjabiSGDP,PJL","1000 Genomes on GRCh38,Simons Genome Diversity Project,1000 Genomes 30x on GRCh38,1KG_ONT_VIENNA,MAGE RNA-seq,1000 Genomes phase 3 release"
302,HG02521,male,SAME1840327,KHV,Kinh Vietnamese,EAS,East Asian Ancestry,KHV,"1000 Genomes on GRCh38,1000 Genomes 30x on GRCh38,1KG_ONT_VIENNA,1000 Genomes phase 3 release"
322,HG02684,male,SAME1839292,PJL,Punjabi,SAS,South Asian Ancestry,PJL,"1000 Genomes on GRCh38,1000 Genomes 30x on GRCh38,1KG_ONT_VIENNA,1000 Genomes phase 3 release"
324,HG02691,female,SAME1839084,PJL,Punjabi,SAS,South Asian Ancestry,PJL,"1000 Genomes on GRCh38,1000 Genomes 30x on GRCh38,1KG_ONT_VIENNA,1000 Genomes phase 3 release"
329,HG02728,female,SAME1839722,PJL,Punjabi,SAS,South Asian Ancestry,PJL,"1000 Genomes on GRCh38,1000 Genomes 30x on GRCh38,1KG_ONT_VIENNA,MAGE RNA-seq,1000 Genomes phase 3 release"
358,HG03238,female,SAME1839289,PJL,Punjabi,SAS,South Asian Ancestry,PJL,"1000 Genomes on GRCh38,1000 Genomes 30x on GRCh38,1KG_ONT_VIENNA,1000 Genomes phase 3 release"
391,HG02292,female,SAME1839943,PEL,Peruvian,AMR,American Ancestry,PEL,"1000 Genomes on GRCh38,1000 Genomes 30x on GRCh38,1KG_ONT_VIENNA,MAGE RNA-seq,1000 Genomes phase 3 release"
398,HG02367,male,SAME1840113,CDX,Dai Chinese,EAS,East Asian Ancestry,CDX,"1000 Genomes on GRCh38,1000 Genomes 30x on GRCh38,1KG_ONT_VIENNA,1000 Genomes phase 3 release"
413,HG03687,male,SAME1840337,STU,Tamil,SAS,South Asian Ancestry,STU,"1000 Genomes on GRCh38,1000 Genomes 30x on GRCh38,1KG_ONT_VIENNA,1000 Genomes phase 3 release"
418,HG03714,female,SAME1839809,ITU,Telugu,SAS,South Asian Ancestry,ITU,"1000 Genomes on GRCh38,1000 Genomes 30x on GRCh38,1KG_ONT_VIENNA,MAGE RNA-seq,1000 Genomes phase 3 release"
423,HG03740,male,SAME1839248,STU,Tamil,SAS,South Asian Ancestry,STU,"1000 Genomes on GRCh38,1000 Genomes 30x on GRCh38,1KG_ONT_VIENNA,1000 Genomes phase 3 release"
433,HG03803,male,SAME1839527,BEB,Bengali,SAS,South Asian Ancestry,BEB,"1000 Genomes on GRCh38,1000 Genomes 30x on GRCh38,1KG_ONT_VIENNA,MAGE RNA-seq,1000 Genomes phase 3 release"
440,HG03872,male,SAME1840202,ITU,Telugu,SAS,South Asian Ancestry,ITU,"1000 Genomes on GRCh38,1000 Genomes 30x on GRCh38,1KG_ONT_VIENNA,1000 Genomes phase 3 release"
446,HG03916,female,SAME1839316,BEB,Bengali,SAS,South Asian Ancestry,BEB,"1000 Genomes on GRCh38,1000 Genomes 30x on GRCh38,1KG_ONT_VIENNA,1000 Genomes phase 3 release"
447,HG03928,female,SAME1839042,BEB,Bengali,SAS,South Asian Ancestry,BEB,"1000 Genomes on GRCh38,1000 Genomes 30x on GRCh38,1KG_ONT_VIENNA,1000 Genomes phase 3 release"
450,HG03947,female,SAME1840378,STU,Tamil,SAS,South Asian Ancestry,STU,"1000 Genomes on GRCh38,1000 Genomes 30x on GRCh38,1KG_ONT_VIENNA,1000 Genomes phase 3 release"
451,HG03973,female,SAME1839728,ITU,Telugu,SAS,South Asian Ancestry,ITU,"1000 Genomes on GRCh38,1000 Genomes 30x on GRCh38,1KG_ONT_VIENNA,1000 Genomes phase 3 release"
457,NA21111,male,SAME124179,GIH,Gujarati,SAS,South Asian Ancestry,GIH,"1000 Genomes on GRCh38,1000 Genomes 30x on GRCh38,1KG_ONT_VIENNA,MAGE RNA-seq,1000 Genomes phase 3 release"
463,NA21142,female,SAME123344,GIH,Gujarati,SAS,South Asian Ancestry,GIH,"1000 Genomes on GRCh38,1000 Genomes 30x on GRCh38,1KG_ONT_VIENNA,1000 Genomes phase 3 release"
498,NA19762,male,SAME123897,MXL,Mexican Ancestry,AMR,American Ancestry,MXL,"1000 Genomes on GRCh38,1000 Genomes 30x on GRCh38,1KG_ONT_VIENNA,MAGE RNA-seq,1000 Genomes phase 3 release,1000 Genomes phase 1 release"
499,NA19774,male,SAME124064,MXL,Mexican Ancestry,AMR,American Ancestry,MXL,"1000 Genomes on GRCh38,1000 Genomes 30x on GRCh38,1KG_ONT_VIENNA,MAGE RNA-seq,1000 Genomes phase 3 release,1000 Genomes phase 1 release"
502,NA19786,male,SAME123149,MXL,Mexican Ancestry,AMR,American Ancestry,MXL,"1000 Genomes on GRCh38,1000 Genomes 30x on GRCh38,1KG_ONT_VIENNA,1000 Genomes phase 3 release,1000 Genomes phase 1 release"
521,NA20505,female,SAME124359,TSI,Toscani,EUR,European Ancestry,TSI,"1000 Genomes on GRCh38,1000 Genomes 30x on GRCh38,1KG_ONT_VIENNA,1000 Genomes phase 3 release,1000 Genomes phase 1 release,Geuvadis"
526,NA20531,female,SAME124170,TSI,Toscani,EUR,European Ancestry,TSI,"1000 Genomes on GRCh38,1000 Genomes 30x on GRCh38,1KG_ONT_VIENNA,1000 Genomes phase 3 release,1000 Genomes phase 1 release,Geuvadis"
527,NA20536,male,SAME124167,TSI,Toscani,EUR,European Ancestry,TSI,"1000 Genomes on GRCh38,1000 Genomes 30x on GRCh38,1KG_ONT_VIENNA,MAGE RNA-seq,1000 Genomes phase 3 release,1000 Genomes phase 1 release,Geuvadis"
538,NA18555,female,SAME124090,CHB,Han Chinese,EAS,East Asian Ancestry,CHB,"1000 Genomes on GRCh38,1000 Genomes 30x on GRCh38,1KG_ONT_VIENNA,MAGE RNA-seq,1000 Genomes phase 3 release,1000 Genomes phase 1 release,90 Han Chinese high coverage genomes"
540,NA18567,female,SAME123924,CHB,Han Chinese,EAS,East Asian Ancestry,CHB,"1000 Genomes on GRCh38,1000 Genomes 30x on GRCh38,1KG_ONT_VIENNA,1000 Genomes phase 3 release,1000 Genomes phase 1 release"
542,NA18579,female,SAME123742,CHB,Han Chinese,EAS,East Asian Ancestry,CHB,"1000 Genomes on GRCh38,1000 Genomes 30x on GRCh38,1KG_ONT_VIENNA,1000 Genomes phase 3 release,1000 Genomes phase 1 release,90 Han Chinese high coverage genomes"
548,NA18625,female,SAME125253,CHB,Han Chinese,EAS,East Asian Ancestry,CHB,"1000 Genomes on GRCh38,1000 Genomes 30x on GRCh38,1KG_ONT_VIENNA,1000 Genomes phase 3 release,1000 Genomes phase 1 release"
549,NA18632,male,SAME124703,CHB,Han Chinese,EAS,East Asian Ancestry,CHB,"1000 Genomes on GRCh38,1000 Genomes 30x on GRCh38,1KG_ONT_VIENNA,1000 Genomes phase 3 release,1000 Genomes phase 1 release,90 Han Chinese high coverage genomes"
550,NA18637,male,SAME124700,CHB,Han Chinese,EAS,East Asian Ancestry,CHB,"1000 Genomes on GRCh38,1000 Genomes 30x on GRCh38,1KG_ONT_VIENNA,1000 Genomes phase 3 release,1000 Genomes phase 1 release,90 Han Chinese high coverage genomes"
599,NA18942,female,SAME124308,JPT,Japanese,EAS,East Asian Ancestry,JPT,"1000 Genomes on GRCh38,1000 Genomes 30x on GRCh38,1KG_ONT_VIENNA,MAGE RNA-seq,1000 Genomes phase 3 release,1000 Genomes phase 1 release"
600,NA18947,female,SAME124313,JPT,Japanese,EAS,East Asian Ancestry,JPT,"1000 Genomes on GRCh38,1000 Genomes 30x on GRCh38,1KG_ONT_VIENNA,1000 Genomes phase 3 release,1000 Genomes phase 1 release"
604,NA18966,male,SAME123962,JPT,Japanese,EAS,East Asian Ancestry,JPT,"1000 Genomes on GRCh38,1000 Genomes 30x on GRCh38,1KG_ONT_VIENNA,1000 Genomes phase 3 release,1000 Genomes phase 1 release"
607,NA18980,female,SAME123527,JPT,Japanese,EAS,East Asian Ancestry,JPT,"1000 Genomes on GRCh38,1000 Genomes 30x on GRCh38,1KG_ONT_VIENNA,1000 Genomes phase 3 release,1000 Genomes phase 1 release"
611,NA19003,female,SAME124480,JPT,Japanese,EAS,East Asian Ancestry,JPT,"1000 Genomes on GRCh38,1000 Genomes 30x on GRCh38,1KG_ONT_VIENNA,1000 Genomes phase 3 release,1000 Genomes phase 1 release"
669,NA20757,female,SAME124176,TSI,Toscani,EUR,European Ancestry,TSI,"1000 Genomes on GRCh38,1000 Genomes 30x on GRCh38,1KG_ONT_VIENNA,1000 Genomes phase 3 release,1000 Genomes phase 1 release,Geuvadis"
670,NA20764,female,SAME124368,TSI,Toscani,EUR,European Ancestry,TSI,"1000 Genomes on GRCh38,1000 Genomes 30x on GRCh38,1KG_ONT_VIENNA,MAGE RNA-seq,1000 Genomes phase 3 release"
671,NA20769,female,SAME124371,TSI,Toscani,EUR,European Ancestry,TSI,"1000 Genomes on GRCh38,1000 Genomes 30x on GRCh38,1KG_ONT_VIENNA,1000 Genomes phase 3 release,1000 Genomes phase 1 release,Geuvadis"
675,NA20795,female,SAME123818,TSI,Toscani,EUR,European Ancestry,TSI,"1000 Genomes on GRCh38,1000 Genomes 30x on GRCh38,1KG_ONT_VIENNA,1000 Genomes phase 3 release,1000 Genomes phase 1 release,Geuvadis"
678,NA20810,male,SAME125192,TSI,Toscani,EUR,European Ancestry,TSI,"1000 Genomes on GRCh38,1000 Genomes 30x on GRCh38,1KG_ONT_VIENNA,1000 Genomes phase 3 release,1000 Genomes phase 1 release,Geuvadis"
680,NA20822,female,SAME123073,TSI,Toscani,EUR,European Ancestry,TSI,"1000 Genomes on GRCh38,1000 Genomes 30x on GRCh38,1KG_ONT_VIENNA,MAGE RNA-seq,1000 Genomes phase 3 release"
682,NA20846,male,SAME123431,GIH,Gujarati,SAS,South Asian Ancestry,GIH,"1000 Genomes on GRCh38,1000 Genomes 30x on GRCh38,1KG_ONT_VIENNA,1000 Genomes phase 3 release"
683,NA20853,female,SAME123243,GIH,Gujarati,SAS,South Asian Ancestry,GIH,"1000 Genomes on GRCh38,1000 Genomes 30x on GRCh38,1KG_ONT_VIENNA,1000 Genomes phase 3 release"
684,NA20858,male,SAME123207,GIH,Gujarati,SAS,South Asian Ancestry,GIH,"1000 Genomes on GRCh38,1000 Genomes 30x on GRCh38,1KG_ONT_VIENNA,Human Pangenome Reference Consortium, Phase 2,1000 Genomes phase 3 release"
690,NA20896,female,SAME123665,GIH,Gujarati,SAS,South Asian Ancestry,GIH,"1000 Genomes on GRCh38,1000 Genomes 30x on GRCh38,1KG_ONT_VIENNA,MAGE RNA-seq,1000 Genomes phase 3 release"
727,NA19654,female,SAME123128,MXL,Mexican Ancestry,AMR,American Ancestry,MXL,"1000 Genomes on GRCh38,1000 Genomes 30x on GRCh38,1KG_ONT_VIENNA,MAGE RNA-seq,1000 Genomes phase 3 release,1000 Genomes phase 1 release"
729,NA19661,male,SAME122959,MXL,Mexican Ancestry,AMR,American Ancestry,MXL,"1000 Genomes on GRCh38,1000 Genomes 30x on GRCh38,1KG_ONT_VIENNA,1000 Genomes phase 3 release,1000 Genomes phase 1 release"
736,NA19717,male,SAME124451,MXL,Mexican Ancestry,AMR,American Ancestry,MXL,"1000 Genomes on GRCh38,1000 Genomes 30x on GRCh38,1KG_ONT_VIENNA,MAGE RNA-seq,1000 Genomes phase 3 release,1000 Genomes phase 1 release"
738,NA19729,male,SAME124701,MXL,Mexican Ancestry,AMR,American Ancestry,MXL,"1000 Genomes on GRCh38,1000 Genomes 30x on GRCh38,1KG_ONT_VIENNA,1000 Genomes phase 3 release,1000 Genomes phase 1 release"
741,NA19750,male,SAME123698,MXL,Mexican Ancestry,AMR,American Ancestry,MXL,"1000 Genomes on GRCh38,1000 Genomes 30x on GRCh38,1KG_ONT_VIENNA,1000 Genomes phase 3 release,1000 Genomes phase 1 release"
979,HG00268,female,SAME123574,FIN,Finnish,EUR,European Ancestry,FIN,"1000 Genomes on GRCh38,1000 Genomes 30x on GRCh38,Human Genome Structural Variation Consortium, Phase 2,Human Genome Structural Variation Consortium, Phase 3,1KG_ONT_VIENNA,1000 Genomes phase 3 release,1000 Genomes phase 1 release,Geuvadis"
982,HG00282,female,SAME122833,FIN,Finnish,EUR,European Ancestry,FIN,"1000 Genomes on GRCh38,1000 Genomes 30x on GRCh38,1KG_ONT_VIENNA,1000 Genomes phase 3 release,1000 Genomes phase 1 release,Geuvadis"
985,HG00321,male,SAME123796,FIN,Finnish,EUR,European Ancestry,FIN,"1000 Genomes on GRCh38,1000 Genomes 30x on GRCh38,1KG_ONT_VIENNA,Human Pangenome Reference Consortium, Phase 2,1000 Genomes phase 3 release,1000 Genomes phase 1 release,Geuvadis"
987,HG00338,male,SAME123990,FIN,Finnish,EUR,European Ancestry,FIN,"1000 Genomes on GRCh38,1000 Genomes 30x on GRCh38,1KG_ONT_VIENNA,1000 Genomes phase 3 release,1000 Genomes phase 1 release,Geuvadis"
989,HG00357,female,SAME125124,FIN,Finnish,EUR,European Ancestry,FIN,"1000 Genomes on GRCh38,1000 Genomes 30x on GRCh38,1KG_ONT_VIENNA,1000 Genomes phase 3 release,1000 Genomes phase 1 release"
1000,HG00446,female,SAME123880,CHS,Southern Han Chinese,EAS,East Asian Ancestry,CHS,"1000 Genomes on GRCh38,1000 Genomes 30x on GRCh38,1KG_ONT_VIENNA,1000 Genomes phase 3 release,1000 Genomes phase 1 release"
1004,HG00472,male,SAME123339,CHS,Southern Han Chinese,EAS,East Asian Ancestry,CHS,"1000 Genomes on GRCh38,1000 Genomes 30x on GRCh38,1KG_ONT_VIENNA,1000 Genomes phase 3 release,1000 Genomes phase 1 release,90 Han Chinese high coverage genomes"
1006,HG00530,male,SAME124356,CHS,Southern Han Chinese,EAS,East Asian Ancestry,CHS,"1000 Genomes on GRCh38,1000 Genomes 30x on GRCh38,1KG_ONT_VIENNA,1000 Genomes phase 3 release,1000 Genomes phase 1 release,90 Han Chinese high coverage genomes"
1012,HG00566,female,SAME125048,CHS,Southern Han Chinese,EAS,East Asian Ancestry,CHS,"1000 Genomes on GRCh38,1000 Genomes 30x on GRCh38,1KG_ONT_VIENNA,1000 Genomes phase 3 release,1000 Genomes phase 1 release"
1024,HG00650,male,SAME123254,CHS,Southern Han Chinese,EAS,East Asian Ancestry,CHS,"1000 Genomes on GRCh38,1000 Genomes 30x on GRCh38,1KG_ONT_VIENNA,1000 Genomes phase 3 release,1000 Genomes phase 1 release"
1033,HG01519,female,SAME124765,IBS,Iberian,EUR,European Ancestry,IBS,"1000 Genomes on GRCh38,1000 Genomes 30x on GRCh38,1KG_ONT_VIENNA,1000 Genomes phase 3 release,1000 Genomes phase 1 release"
1038,HG01571,male,SAME124346,PEL,Peruvian,AMR,American Ancestry,PEL,"1000 Genomes on GRCh38,1000 Genomes 30x on GRCh38,1KG_ONT_VIENNA,1000 Genomes phase 3 release"
1039,HG01583,male,SAME1839895,PJL,Punjabi,SAS,South Asian Ancestry,PJL,"1000 Genomes on GRCh38,1000 Genomes 30x on GRCh38,1KG_ONT_VIENNA,1000 Genomes phase 3 release"
1041,HG01595,female,SAME123569,KHV,Kinh Vietnamese,EAS,East Asian Ancestry,KHV,"1000 Genomes on GRCh38,1000 Genomes 30x on GRCh38,1KG_ONT_VIENNA,1000 Genomes phase 3 release"
1043,HG01608,male,SAME123462,IBS,Iberian,EUR,European Ancestry,IBS,"1000 Genomes on GRCh38,1000 Genomes 30x on GRCh38,1KG_ONT_VIENNA,1000 Genomes phase 3 release"
1050,HG01684,female,SAME124660,IBS,Iberian,EUR,European Ancestry,IBS,"1000 Genomes on GRCh38,1000 Genomes 30x on GRCh38,1KG_ONT_VIENNA,MAGE RNA-seq,1000 Genomes phase 3 release"
1057,HG01766,female,SAME1839673,IBS,Iberian,EUR,European Ancestry,IBS,"1000 Genomes on GRCh38,1000 Genomes 30x on GRCh38,1KG_ONT_VIENNA,Human Pangenome Reference Consortium, Phase 2,1000 Genomes phase 3 release"
1058,HG01773,female,SAME124635,IBS,Iberian,EUR,European Ancestry,IBS,"1000 Genomes on GRCh38,1000 Genomes 30x on GRCh38,1KG_ONT_VIENNA,1000 Genomes phase 3 release"
1068,HG00737,female,SAME125416,PUR,Puerto Rican,AMR,American Ancestry,PUR,"1000 Genomes on GRCh38,1000 Genomes 30x on GRCh38,1KG_ONT_VIENNA,MAGE RNA-seq,1000 Genomes phase 3 release,1000 Genomes phase 1 release"
1075,HG00252,male,SAME123052,GBR,British,EUR,European Ancestry,GBR,"1000 Genomes on GRCh38,1000 Genomes 30x on GRCh38,1KG_ONT_VIENNA,1000 Genomes phase 3 release,1000 Genomes phase 1 release,Geuvadis"
1081,HG00269,female,SAME123575,FIN,Finnish,EUR,European Ancestry,FIN,"1000 Genomes on GRCh38,1000 Genomes 30x on GRCh38,1KG_ONT_VIENNA,MAGE RNA-seq,1000 Genomes phase 3 release,1000 Genomes phase 1 release,Geuvadis"
1083,HG00271,male,SAME123417,FIN,Finnish,EUR,European Ancestry,FIN,"1000 Genomes on GRCh38,1000 Genomes 30x on GRCh38,1KG_ONT_VIENNA,1000 Genomes phase 3 release,1000 Genomes phase 1 release,Geuvadis"
1090,HG01108,female,SAME123103,PUR,Puerto Rican,AMR,American Ancestry,PUR,"1000 Genomes on GRCh38,1000 Genomes 30x on GRCh38,1KG_ONT_VIENNA,MAGE RNA-seq,1000 Genomes phase 3 release,1000 Genomes phase 1 release"
1096,HG01134,female,SAME123887,CLM,Colombian,AMR,American Ancestry,CLM,"1000 Genomes on GRCh38,1000 Genomes 30x on GRCh38,1KG_ONT_VIENNA,1000 Genomes phase 3 release,1000 Genomes phase 1 release"
1097,HG00315,female,SAME124335,FIN,Finnish,EUR,European Ancestry,FIN,"1000 Genomes on GRCh38,1000 Genomes 30x on GRCh38,1KG_ONT_VIENNA,1000 Genomes phase 3 release,1000 Genomes phase 1 release,Geuvadis"
1101,HG00334,female,SAME123981,FIN,Finnish,EUR,European Ancestry,FIN,"1000 Genomes on GRCh38,1000 Genomes 30x on GRCh38,1KG_ONT_VIENNA,1000 Genomes phase 3 release,1000 Genomes phase 1 release,Geuvadis"
1104,HG01800,female,SAME124306,CDX,Dai Chinese,EAS,East Asian Ancestry,CDX,"1000 Genomes on GRCh38,1000 Genomes 30x on GRCh38,1KG_ONT_VIENNA,MAGE RNA-seq,1000 Genomes phase 3 release"
1106,HG01805,female,SAME124301,CDX,Dai Chinese,EAS,East Asian Ancestry,CDX,"1000 Genomes on GRCh38,1000 Genomes 30x on GRCh38,1KG_ONT_VIENNA,1000 Genomes phase 3 release"
1107,HG00346,female,SAME125264,FIN,Finnish,EUR,European Ancestry,FIN,"1000 Genomes on GRCh38,1000 Genomes 30x on GRCh38,1KG_ONT_VIENNA,1000 Genomes phase 3 release,1000 Genomes phase 1 release,Geuvadis"
1110,HG01817,female,SAME124522,CDX,Dai Chinese,EAS,East Asian Ancestry,CDX,"1000 Genomes on GRCh38,1000 Genomes 30x on GRCh38,1KG_ONT_VIENNA,MAGE RNA-seq,1000 Genomes phase 3 release"
1113,HG00360,male,SAME124539,FIN,"Finnish,Finnish",EUR,"European Ancestry,West Eurasia (SGDP)","FIN,FinnishSGDP","1000 Genomes on GRCh38,Simons Genome Diversity Project,1000 Genomes 30x on GRCh38,1KG_ONT_VIENNA,MAGE RNA-seq,1000 Genomes phase 3 release,1000 Genomes phase 1 release,Geuvadis"
1115,HG00365,female,SAME124542,FIN,Finnish,EUR,European Ancestry,FIN,"1000 Genomes on GRCh38,1000 Genomes 30x on GRCh38,1KG_ONT_VIENNA,1000 Genomes phase 3 release,1000 Genomes phase 1 release,Geuvadis"
1123,HG00404,female,SAME123158,CHS,Southern Han Chinese,EAS,East Asian Ancestry,CHS,"1000 Genomes on GRCh38,1000 Genomes 30x on GRCh38,1KG_ONT_VIENNA,MAGE RNA-seq,1000 Genomes phase 3 release,1000 Genomes phase 1 release"
1125,HG00409,male,SAME1840026,CHS,Southern Han Chinese,EAS,East Asian Ancestry,CHS,"1000 Genomes on GRCh38,1000 Genomes 30x on GRCh38,1KG_ONT_VIENNA,1000 Genomes phase 3 release"
1133,HG00442,male,SAME124912,CHS,Southern Han Chinese,EAS,East Asian Ancestry,CHS,"1000 Genomes on GRCh38,1000 Genomes 30x on GRCh38,1KG_ONT_VIENNA,MAGE RNA-seq,1000 Genomes phase 3 release,1000 Genomes phase 1 release,90 Han Chinese high coverage genomes"
1136,HG01918,female,SAME123240,PEL,Peruvian,AMR,American Ancestry,PEL,"1000 Genomes on GRCh38,1000 Genomes 30x on GRCh38,1KG_ONT_VIENNA,MAGE RNA-seq,1000 Genomes phase 3 release"
1142,HG01932,male,SAME123587,PEL,Peruvian,AMR,American Ancestry,PEL,"1000 Genomes on GRCh38,1000 Genomes 30x on GRCh38,1KG_ONT_VIENNA,MAGE RNA-seq,1000 Genomes phase 3 release"
1152,HG01242,female,SAME125064,PUR,Puerto Rican,AMR,American Ancestry,PUR,"1000 Genomes on GRCh38,1000 Genomes 30x on GRCh38,1KG_ONT_VIENNA,MAGE RNA-seq,1000 Genomes phase 3 release,1000 Genomes phase 1 release"
1155,HG01259,male,SAME125280,CLM,Colombian,AMR,American Ancestry,CLM,"1000 Genomes on GRCh38,1000 Genomes 30x on GRCh38,1KG_ONT_VIENNA,1000 Genomes phase 3 release,1000 Genomes phase 1 release"
1164,HG01348,female,SAME124864,CLM,Colombian,AMR,American Ancestry,CLM,"1000 Genomes on GRCh38,1000 Genomes 30x on GRCh38,1KG_ONT_VIENNA,MAGE RNA-seq,1000 Genomes phase 3 release"
1167,HG01362,male,SAME1839066,CLM,Colombian,AMR,American Ancestry,CLM,"1000 Genomes on GRCh38,1000 Genomes 30x on GRCh38,1KG_ONT_VIENNA,1000 Genomes phase 3 release"
1172,HG01398,male,SAME1839950,PUR,Puerto Rican,AMR,American Ancestry,PUR,"1000 Genomes on GRCh38,1000 Genomes 30x on GRCh38,1KG_ONT_VIENNA,1000 Genomes phase 3 release"
1182,HG01494,male,SAME124135,CLM,Colombian,AMR,American Ancestry,CLM,"1000 Genomes on GRCh38,1000 Genomes 30x on GRCh38,1KG_ONT_VIENNA,MAGE RNA-seq,1000 Genomes phase 3 release,1000 Genomes phase 1 release"
1190,HG00100,female,SAME125154,GBR,British,EUR,European Ancestry,GBR,"1000 Genomes on GRCh38,1000 Genomes 30x on GRCh38,1KG_ONT_VIENNA,MAGE RNA-seq,1000 Genomes phase 3 release,1000 Genomes phase 1 release,Geuvadis"
1196,HG00117,male,SAME125346,GBR,British,EUR,European Ancestry,GBR,"1000 Genomes on GRCh38,1000 Genomes 30x on GRCh38,1KG_ONT_VIENNA,Human Pangenome Reference Consortium, Phase 2,1000 Genomes phase 3 release,1000 Genomes phase 1 release,Geuvadis"
1200,HG00129,male,SAME122867,GBR,British,EUR,European Ancestry,GBR,"1000 Genomes on GRCh38,1000 Genomes 30x on GRCh38,1KG_ONT_VIENNA,1000 Genomes phase 3 release,1000 Genomes phase 1 release,Geuvadis"
1202,HG00131,male,SAME123064,GBR,British,EUR,European Ancestry,GBR,"1000 Genomes on GRCh38,1000 Genomes 30x on GRCh38,1KG_ONT_VIENNA,1000 Genomes phase 3 release,1000 Genomes phase 1 release,Geuvadis"
1208,HG00148,male,SAME124388,GBR,British,EUR,European Ancestry,GBR,"1000 Genomes on GRCh38,1000 Genomes 30x on GRCh38,1KG_ONT_VIENNA,MAGE RNA-seq,1000 Genomes phase 3 release,1000 Genomes phase 1 release,Geuvadis"
1211,HG00632,female,SAME1839151,CHS,Southern Han Chinese,EAS,East Asian Ancestry,CHS,"1000 Genomes on GRCh38,1000 Genomes 30x on GRCh38,1KG_ONT_VIENNA,1000 Genomes phase 3 release"
1212,HG01507,female,SAME124948,IBS,Iberian,EUR,European Ancestry,IBS,"1000 Genomes on GRCh38,1000 Genomes 30x on GRCh38,1KG_ONT_VIENNA,1000 Genomes phase 3 release"
1213,HG00637,male,SAME123710,PUR,Puerto Rican,AMR,American Ancestry,PUR,"1000 Genomes on GRCh38,1000 Genomes 30x on GRCh38,1KG_ONT_VIENNA,1000 Genomes phase 3 release,1000 Genomes phase 1 release"
1215,HG00651,female,SAME123966,CHS,Southern Han Chinese,EAS,East Asian Ancestry,CHS,"1000 Genomes on GRCh38,1000 Genomes 30x on GRCh38,1KG_ONT_VIENNA,1000 Genomes phase 3 release,1000 Genomes phase 1 release"
1235,HG00740,female,SAME124834,PUR,Puerto Rican,AMR,American Ancestry,PUR,"1000 Genomes on GRCh38,1000 Genomes 30x on GRCh38,1KG_ONT_VIENNA,MAGE RNA-seq,1000 Genomes phase 3 release,1000 Genomes phase 1 release"
1243,HG01058,female,SAME1840086,PUR,Puerto Rican,AMR,American Ancestry,PUR,"1000 Genomes on GRCh38,1000 Genomes 30x on GRCh38,1KG_ONT_VIENNA,1000 Genomes phase 3 release"
1245,HG01060,male,SAME123015,PUR,Puerto Rican,AMR,American Ancestry,PUR,"1000 Genomes on GRCh38,1000 Genomes 30x on GRCh38,1KG_ONT_VIENNA,MAGE RNA-seq,1000 Genomes phase 3 release,1000 Genomes phase 1 release"
1247,HG01072,male,SAME124091,PUR,Puerto Rican,AMR,American Ancestry,PUR,"1000 Genomes on GRCh38,1000 Genomes 30x on GRCh38,1KG_ONT_VIENNA,1000 Genomes phase 3 release,1000 Genomes phase 1 release"
1253,HG01089,female,SAME1839432,PUR,Puerto Rican,AMR,American Ancestry,PUR,"1000 Genomes on GRCh38,1000 Genomes 30x on GRCh38,1KG_ONT_VIENNA,1000 Genomes phase 3 release"
1257,HG01104,male,SAME123672,PUR,Puerto Rican,AMR,American Ancestry,PUR,"1000 Genomes on GRCh38,1000 Genomes 30x on GRCh38,1KG_ONT_VIENNA,1000 Genomes phase 3 release,1000 Genomes phase 1 release"
1265,HG01130,male,SAME1839995,CLM,Colombian,AMR,American Ancestry,CLM,"1000 Genomes on GRCh38,1000 Genomes 30x on GRCh38,1KG_ONT_VIENNA,1000 Genomes phase 3 release"
1269,HG01142,male,SAME1839731,CLM,Colombian,AMR,American Ancestry,CLM,"1000 Genomes on GRCh38,1000 Genomes 30x on GRCh38,1KG_ONT_VIENNA,1000 Genomes phase 3 release"
1272,HG03604,female,SAME1840236,BEB,Bengali,SAS,South Asian Ancestry,BEB,"1000 Genomes on GRCh38,1000 Genomes 30x on GRCh38,1KG_ONT_VIENNA,MAGE RNA-seq,1000 Genomes phase 3 release"
1279,HG01197,male,SAME124237,PUR,Puerto Rican,AMR,American Ancestry,PUR,"1000 Genomes on GRCh38,1000 Genomes 30x on GRCh38,1KG_ONT_VIENNA,1000 Genomes phase 3 release,1000 Genomes phase 1 release"
1284,HG03673,female,SAME1839030,STU,Tamil,SAS,South Asian Ancestry,STU,"1000 Genomes on GRCh38,1000 Genomes 30x on GRCh38,1KG_ONT_VIENNA,MAGE RNA-seq,1000 Genomes phase 3 release"
1299,HG01286,male,SAME1839176,PUR,Puerto Rican,AMR,American Ancestry,PUR,"1000 Genomes on GRCh38,1000 Genomes 30x on GRCh38,1KG_ONT_VIENNA,1000 Genomes phase 3 release"
1305,HG01344,male,SAME124862,CLM,Colombian,AMR,American Ancestry,CLM,"1000 Genomes on GRCh38,1000 Genomes 30x on GRCh38,1KG_ONT_VIENNA,1000 Genomes phase 3 release,1000 Genomes phase 1 release"
1311,HG01356,male,SAME124682,CLM,Colombian,AMR,American Ancestry,CLM,"1000 Genomes on GRCh38,1000 Genomes 30x on GRCh38,1KG_ONT_VIENNA,1000 Genomes phase 3 release,1000 Genomes phase 1 release"
1318,HG03015,male,SAME1839940,PJL,Punjabi,SAS,South Asian Ancestry,PJL,"1000 Genomes on GRCh38,1000 Genomes 30x on GRCh38,1KG_ONT_VIENNA,1000 Genomes phase 3 release"
1322,HG00101,male,SAME125153,GBR,British,EUR,European Ancestry,GBR,"1000 Genomes on GRCh38,1000 Genomes 30x on GRCh38,1KG_ONT_VIENNA,1000 Genomes phase 3 release,1000 Genomes phase 1 release,Geuvadis"
1324,HG00106,female,SAME123948,GBR,British,EUR,European Ancestry,GBR,"1000 Genomes on GRCh38,1000 Genomes 30x on GRCh38,1KG_ONT_VIENNA,Human Pangenome Reference Consortium, Phase 2,1000 Genomes phase 3 release,1000 Genomes phase 1 release,Geuvadis"
1330,HG00120,female,SAME122874,GBR,British,EUR,European Ancestry,GBR,"1000 Genomes on GRCh38,1000 Genomes 30x on GRCh38,1KG_ONT_VIENNA,1000 Genomes phase 3 release,1000 Genomes phase 1 release,Geuvadis"
1332,HG00125,female,SAME122869,GBR,British,EUR,European Ancestry,GBR,"1000 Genomes on GRCh38,1000 Genomes 30x on GRCh38,1KG_ONT_VIENNA,1000 Genomes phase 3 release,1000 Genomes phase 1 release,Geuvadis"
1336,HG00137,female,SAME123066,GBR,British,EUR,European Ancestry,GBR,"1000 Genomes on GRCh38,1000 Genomes 30x on GRCh38,1KG_ONT_VIENNA,1000 Genomes phase 3 release,1000 Genomes phase 1 release,Geuvadis"
1340,HG00149,male,SAME124387,GBR,British,EUR,European Ancestry,GBR,"1000 Genomes on GRCh38,1000 Genomes 30x on GRCh38,1KG_ONT_VIENNA,1000 Genomes phase 3 release,1000 Genomes phase 1 release,Geuvadis"
1347,HG02687,male,SAME1839270,PJL,Punjabi,SAS,South Asian Ancestry,PJL,"1000 Genomes on GRCh38,1000 Genomes 30x on GRCh38,1KG_ONT_VIENNA,1000 Genomes phase 3 release"
1348,HG01945,female,SAME124153,PEL,Peruvian,AMR,American Ancestry,PEL,"1000 Genomes on GRCh38,1000 Genomes 30x on GRCh38,1KG_ONT_VIENNA,MAGE RNA-seq,1000 Genomes phase 3 release"
1354,HG01971,female,SAME124326,PEL,Peruvian,AMR,American Ancestry,PEL,"1000 Genomes on GRCh38,1000 Genomes 30x on GRCh38,1KG_ONT_VIENNA,1000 Genomes phase 3 release"
1366,HG02006,female,SAME1840279,PEL,Peruvian,AMR,American Ancestry,PEL,"1000 Genomes on GRCh38,1000 Genomes 30x on GRCh38,1KG_ONT_VIENNA,1000 Genomes phase 3 release"
1372,HG02020,male,SAME125168,KHV,Kinh Vietnamese,EAS,East Asian Ancestry,KHV,"1000 Genomes on GRCh38,1000 Genomes 30x on GRCh38,1KG_ONT_VIENNA,1000 Genomes phase 3 release"
1390,HG02082,male,SAME124950,KHV,Kinh Vietnamese,EAS,East Asian Ancestry,KHV,"1000 Genomes on GRCh38,1000 Genomes 30x on GRCh38,1KG_ONT_VIENNA,1000 Genomes phase 3 release"
1392,HG02087,female,SAME124678,KHV,Kinh Vietnamese,EAS,East Asian Ancestry,KHV,"1000 Genomes on GRCh38,1000 Genomes 30x on GRCh38,1KG_ONT_VIENNA,1000 Genomes phase 3 release"
1398,HG02121,female,SAME123479,KHV,Kinh Vietnamese,EAS,East Asian Ancestry,KHV,"1000 Genomes on GRCh38,1000 Genomes 30x on GRCh38,1KG_ONT_VIENNA,MAGE RNA-seq,1000 Genomes phase 3 release"
1402,HG01527,male,SAME125326,IBS,Iberian,EUR,European Ancestry,IBS,"1000 Genomes on GRCh38,1000 Genomes 30x on GRCh38,1KG_ONT_VIENNA,MAGE RNA-seq,1000 Genomes phase 3 release"
1406,HG01572,female,SAME124705,PEL,Peruvian,AMR,American Ancestry,PEL,"1000 Genomes on GRCh38,1000 Genomes 30x on GRCh38,1KG_ONT_VIENNA,1000 Genomes phase 3 release"
1408,HG01577,male,SAME124349,PEL,Peruvian,AMR,American Ancestry,PEL,"1000 Genomes on GRCh38,1000 Genomes 30x on GRCh38,1KG_ONT_VIENNA,1000 Genomes phase 3 release"
1410,HG01589,male,SAME1839859,PJL,Punjabi,SAS,South Asian Ancestry,PJL,"1000 Genomes on GRCh38,1000 Genomes 30x on GRCh38,1KG_ONT_VIENNA,MAGE RNA-seq,1000 Genomes phase 3 release"
1412,HG01596,male,SAME125227,KHV,Kinh Vietnamese,EAS,East Asian Ancestry,KHV,"1000 Genomes on GRCh38,1000 Genomes 30x on GRCh38,Human Genome Structural Variation Consortium, Phase 2,Human Genome Structural Variation Consortium, Phase 3,1KG_ONT_VIENNA,1000 Genomes phase 3 release"
1426,HG01630,male,SAME124034,IBS,Iberian,EUR,European Ancestry,IBS,"1000 Genomes on GRCh38,1000 Genomes 30x on GRCh38,1KG_ONT_VIENNA,MAGE RNA-seq,1000 Genomes phase 3 release"
1428,HG01673,female,SAME123289,IBS,Iberian,EUR,European Ancestry,IBS,"1000 Genomes on GRCh38,1000 Genomes 30x on GRCh38,1KG_ONT_VIENNA,1000 Genomes phase 3 release"
1430,HG01678,male,SAME123292,IBS,Iberian,EUR,European Ancestry,IBS,"1000 Genomes on GRCh38,1000 Genomes 30x on GRCh38,1KG_ONT_VIENNA,1000 Genomes phase 3 release"
1432,HG01680,male,SAME124656,IBS,Iberian,EUR,European Ancestry,IBS,"1000 Genomes on GRCh38,1000 Genomes 30x on GRCh38,1KG_ONT_VIENNA,1000 Genomes phase 3 release"
1438,HG01700,male,SAME123261,IBS,Iberian,EUR,European Ancestry,IBS,"1000 Genomes on GRCh38,1000 Genomes 30x on GRCh38,1KG_ONT_VIENNA,1000 Genomes phase 3 release"
1452,HG01779,female,SAME124629,IBS,Iberian,EUR,European Ancestry,IBS,"1000 Genomes on GRCh38,1000 Genomes 30x on GRCh38,1KG_ONT_VIENNA,1000 Genomes phase 3 release"
1456,HG02493,male,SAME1839704,PJL,Punjabi,SAS,South Asian Ancestry,PJL,"1000 Genomes on GRCh38,1000 Genomes 30x on GRCh38,1KG_ONT_VIENNA,1000 Genomes phase 3 release"
1457,HG01951,female,SAME123976,PEL,Peruvian,AMR,American Ancestry,PEL,"1000 Genomes on GRCh38,1000 Genomes 30x on GRCh38,1KG_ONT_VIENNA,MAGE RNA-seq,1000 Genomes phase 3 release"
1467,HG01982,male,SAME1840111,PEL,Peruvian,AMR,American Ancestry,PEL,"1000 Genomes on GRCh38,1000 Genomes 30x on GRCh38,1KG_ONT_VIENNA,1000 Genomes phase 3 release"
1473,HG02017,male,SAME123445,KHV,Kinh Vietnamese,EAS,East Asian Ancestry,KHV,"1000 Genomes on GRCh38,1000 Genomes 30x on GRCh38,1KG_ONT_VIENNA,1000 Genomes phase 3 release"
1479,HG02031,female,SAME1839964,KHV,Kinh Vietnamese,EAS,East Asian Ancestry,KHV,"1000 Genomes on GRCh38,1000 Genomes 30x on GRCh38,1KG_ONT_VIENNA,MAGE RNA-seq,1000 Genomes phase 3 release"
1487,HG02067,male,SAME1839388,KHV,Kinh Vietnamese,EAS,East Asian Ancestry,KHV,"1000 Genomes on GRCh38,1000 Genomes 30x on GRCh38,1KG_ONT_VIENNA,MAGE RNA-seq,1000 Genomes phase 3 release"
1491,HG02079,male,SAME123098,KHV,Kinh Vietnamese,EAS,East Asian Ancestry,KHV,"1000 Genomes on GRCh38,1000 Genomes 30x on GRCh38,1KG_ONT_VIENNA,1000 Genomes phase 3 release"
1493,HG02081,female,SAME124826,KHV,Kinh Vietnamese,EAS,East Asian Ancestry,KHV,"1000 Genomes on GRCh38,1000 Genomes 30x on GRCh38,1KG_ONT_VIENNA,1000 Genomes phase 3 release"
1494,HG01786,female,SAME1839312,IBS,Iberian,EUR,European Ancestry,IBS,"1000 Genomes on GRCh38,1000 Genomes 30x on GRCh38,1KG_ONT_VIENNA,Human Pangenome Reference Consortium, Phase 2,1000 Genomes phase 3 release"
1496,HG01798,female,SAME124228,CDX,Dai Chinese,EAS,East Asian Ancestry,CDX,"1000 Genomes on GRCh38,1000 Genomes 30x on GRCh38,1KG_ONT_VIENNA,Human Pangenome Reference Consortium, Phase 2,1000 Genomes phase 3 release"
1500,HG01806,female,SAME124304,CDX,Dai Chinese,EAS,East Asian Ancestry,CDX,"1000 Genomes on GRCh38,1000 Genomes 30x on GRCh38,1KG_ONT_VIENNA,MAGE RNA-seq,1000 Genomes phase 3 release"
1502,HG01813,female,SAME124518,CDX,Dai Chinese,EAS,East Asian Ancestry,CDX,"1000 Genomes on GRCh38,1000 Genomes 30x on GRCh38,1KG_ONT_VIENNA,1000 Genomes phase 3 release"
1508,HG01851,female,SAME123753,KHV,Kinh Vietnamese,EAS,East Asian Ancestry,KHV,"1000 Genomes on GRCh38,1000 Genomes 30x on GRCh38,1KG_ONT_VIENNA,MAGE RNA-seq,1000 Genomes phase 3 release"
1510,HG01863,female,SAME123198,KHV,Kinh Vietnamese,EAS,East Asian Ancestry,KHV,"1000 Genomes on GRCh38,1000 Genomes 30x on GRCh38,1KG_ONT_VIENNA,MAGE RNA-seq,1000 Genomes phase 3 release"
1514,HG01870,female,SAME123397,KHV,Kinh Vietnamese,EAS,East Asian Ancestry,KHV,"1000 Genomes on GRCh38,1000 Genomes 30x on GRCh38,1KG_ONT_VIENNA,MAGE RNA-seq,1000 Genomes phase 3 release"
1530,HG01933,female,SAME123586,PEL,Peruvian,AMR,American Ancestry,PEL,"1000 Genomes on GRCh38,1000 Genomes 30x on GRCh38,1KG_ONT_VIENNA,1000 Genomes phase 3 release"
1538,HG02133,female,SAME1839882,KHV,Kinh Vietnamese,EAS,East Asian Ancestry,KHV,"1000 Genomes on GRCh38,1000 Genomes 30x on GRCh38,1KG_ONT_VIENNA,1000 Genomes phase 3 release"
1540,HG02138,male,SAME123659,KHV,Kinh Vietnamese,EAS,East Asian Ancestry,KHV,"1000 Genomes on GRCh38,1000 Genomes 30x on GRCh38,1KG_ONT_VIENNA,1000 Genomes phase 3 release"
1546,HG02152,female,SAME124790,CDX,Dai Chinese,EAS,East Asian Ancestry,CDX,"1000 Genomes on GRCh38,1000 Genomes 30x on GRCh38,1KG_ONT_VIENNA,1000 Genomes phase 3 release"
1548,HG02164,female,SAME124209,CDX,Dai Chinese,EAS,East Asian Ancestry,CDX,"1000 Genomes on GRCh38,1000 Genomes 30x on GRCh38,1KG_ONT_VIENNA,1000 Genomes phase 3 release"
1563,HG02384,male,SAME1840011,CDX,Dai Chinese,EAS,East Asian Ancestry,CDX,"1000 Genomes on GRCh38,1000 Genomes 30x on GRCh38,1KG_ONT_VIENNA,1000 Genomes phase 3 release"
1564,HG02239,female,SAME1839420,IBS,Iberian,EUR,European Ancestry,IBS,"1000 Genomes on GRCh38,1000 Genomes 30x on GRCh38,1KG_ONT_VIENNA,1000 Genomes phase 3 release"
1566,HG02253,male,SAME1839347,PEL,Peruvian,AMR,American Ancestry,PEL,"1000 Genomes on GRCh38,1000 Genomes 30x on GRCh38,1KG_ONT_VIENNA,1000 Genomes phase 3 release"
1572,HG02265,male,SAME1839117,PEL,Peruvian,AMR,American Ancestry,PEL,"1000 Genomes on GRCh38,1000 Genomes 30x on GRCh38,1KG_ONT_VIENNA,MAGE RNA-seq,1000 Genomes phase 3 release"
1576,HG02277,male,SAME1840370,PEL,Peruvian,AMR,American Ancestry,PEL,"1000 Genomes on GRCh38,1000 Genomes 30x on GRCh38,1KG_ONT_VIENNA,1000 Genomes phase 3 release"
1580,HG02657,male,SAME1839600,PJL,Punjabi,SAS,South Asian Ancestry,PJL,"1000 Genomes on GRCh38,1000 Genomes 30x on GRCh38,1KG_ONT_VIENNA,1000 Genomes phase 3 release"
1586,HG02688,female,SAME1839358,PJL,Punjabi,SAS,South Asian Ancestry,PJL,"1000 Genomes on GRCh38,1000 Genomes 30x on GRCh38,1KG_ONT_VIENNA,1000 Genomes phase 3 release"
1588,HG02690,male,SAME1839088,PJL,Punjabi,SAS,South Asian Ancestry,PJL,"1000 Genomes on GRCh38,1000 Genomes 30x on GRCh38,1KG_ONT_VIENNA,1000 Genomes phase 3 release"
1589,HG02137,male,SAME1839862,KHV,Kinh Vietnamese,EAS,East Asian Ancestry,KHV,"1000 Genomes on GRCh38,1000 Genomes 30x on GRCh38,1KG_ONT_VIENNA,1000 Genomes phase 3 release"
1595,HG02156,female,SAME124793,CDX,Dai Chinese,EAS,East Asian Ancestry,CDX,"1000 Genomes on GRCh38,1000 Genomes 30x on GRCh38,1KG_ONT_VIENNA,MAGE RNA-seq,1000 Genomes phase 3 release"
1596,HG02727,male,SAME1839727,PJL,Punjabi,SAS,South Asian Ancestry,PJL,"1000 Genomes on GRCh38,1000 Genomes 30x on GRCh38,1KG_ONT_VIENNA,1000 Genomes phase 3 release"
1601,HG02182,female,SAME125035,CDX,Dai Chinese,EAS,East Asian Ancestry,CDX,"1000 Genomes on GRCh38,1000 Genomes 30x on GRCh38,1KG_ONT_VIENNA,MAGE RNA-seq,1000 Genomes phase 3 release"
1608,HG02789,male,SAME1840280,PJL,Punjabi,SAS,South Asian Ancestry,PJL,"1000 Genomes on GRCh38,1000 Genomes 30x on GRCh38,1KG_ONT_VIENNA,MAGE RNA-seq,1000 Genomes phase 3 release"
1611,HG02238,male,SAME1839423,IBS,Iberian,EUR,European Ancestry,IBS,"1000 Genomes on GRCh38,1000 Genomes 30x on GRCh38,1KG_ONT_VIENNA,1000 Genomes phase 3 release"
1619,HG02271,male,SAME1840319,PEL,Peruvian,AMR,American Ancestry,PEL,"1000 Genomes on GRCh38,1000 Genomes 30x on GRCh38,1KG_ONT_VIENNA,MAGE RNA-seq,1000 Genomes phase 3 release"
1620,HG02291,male,SAME1839948,PEL,Peruvian,AMR,American Ancestry,PEL,"1000 Genomes on GRCh38,1000 Genomes 30x on GRCh38,1KG_ONT_VIENNA,1000 Genomes phase 3 release"
1629,HG03697,male,SAME1840137,STU,Tamil,SAS,South Asian Ancestry,STU,"1000 Genomes on GRCh38,1000 Genomes 30x on GRCh38,1KG_ONT_VIENNA,MAGE RNA-seq,1000 Genomes phase 3 release"
1633,HG03705,male,SAME1840051,PJL,Punjabi,SAS,South Asian Ancestry,PJL,"1000 Genomes on GRCh38,1000 Genomes 30x on GRCh38,1KG_ONT_VIENNA,1000 Genomes phase 3 release"
1637,HG03729,male,SAME1839701,ITU,Telugu,SAS,South Asian Ancestry,ITU,"1000 Genomes on GRCh38,1000 Genomes 30x on GRCh38,1KG_ONT_VIENNA,1000 Genomes phase 3 release"
1657,HG03781,female,SAME1840117,ITU,Telugu,SAS,South Asian Ancestry,ITU,"1000 Genomes on GRCh38,1000 Genomes 30x on GRCh38,1KG_ONT_VIENNA,MAGE RNA-seq,1000 Genomes phase 3 release"
1660,HG03786,male,SAME1840218,ITU,Telugu,SAS,South Asian Ancestry,ITU,"1000 Genomes on GRCh38,1000 Genomes 30x on GRCh38,1KG_ONT_VIENNA,1000 Genomes phase 3 release"
1662,HG00159,male,SAME124586,GBR,British,EUR,European Ancestry,GBR,"1000 Genomes on GRCh38,1000 Genomes 30x on GRCh38,1KG_ONT_VIENNA,1000 Genomes phase 3 release,1000 Genomes phase 1 release,Geuvadis"
1663,HG03793,female,SAME1839915,BEB,Bengali,SAS,South Asian Ancestry,BEB,"1000 Genomes on GRCh38,1000 Genomes 30x on GRCh38,1KG_ONT_VIENNA,1000 Genomes phase 3 release"
1664,HG01375,female,SAME124290,CLM,Colombian,AMR,American Ancestry,CLM,"1000 Genomes on GRCh38,1000 Genomes 30x on GRCh38,1KG_ONT_VIENNA,1000 Genomes phase 3 release,1000 Genomes phase 1 release"
1665,HG00173,female,SAME124960,FIN,Finnish,EUR,European Ancestry,FIN,"1000 Genomes on GRCh38,1000 Genomes 30x on GRCh38,1KG_ONT_VIENNA,1000 Genomes phase 3 release,1000 Genomes phase 1 release,Geuvadis"
1683,HG00243,male,SAME123224,GBR,British,EUR,European Ancestry,GBR,"1000 Genomes on GRCh38,1000 Genomes 30x on GRCh38,1KG_ONT_VIENNA,MAGE RNA-seq,Human Pangenome Reference Consortium, Phase 2,1000 Genomes phase 3 release,1000 Genomes phase 1 release,Geuvadis"
1692,HG00255,female,SAME123049,GBR,British,EUR,European Ancestry,GBR,"1000 Genomes on GRCh38,1000 Genomes 30x on GRCh38,1KG_ONT_VIENNA,1000 Genomes phase 3 release,1000 Genomes phase 1 release,Geuvadis"
1694,HG01464,male,SAME122883,CLM,Colombian,AMR,American Ancestry,CLM,"1000 Genomes on GRCh38,1000 Genomes 30x on GRCh38,1KG_ONT_VIENNA,1000 Genomes phase 3 release,1000 Genomes phase 1 release"
1701,HG00274,female,SAME123422,FIN,Finnish,EUR,European Ancestry,FIN,"1000 Genomes on GRCh38,1000 Genomes 30x on GRCh38,1KG_ONT_VIENNA,1000 Genomes phase 3 release,1000 Genomes phase 1 release,Geuvadis"
1710,HG00313,female,SAME124337,FIN,Finnish,EUR,European Ancestry,FIN,"1000 Genomes on GRCh38,1000 Genomes 30x on GRCh38,1KG_ONT_VIENNA,1000 Genomes phase 3 release,1000 Genomes phase 1 release,Geuvadis"
1719,HG00325,male,SAME123793,FIN,Finnish,EUR,European Ancestry,FIN,"1000 Genomes on GRCh38,1000 Genomes 30x on GRCh38,1KG_ONT_VIENNA,MAGE RNA-seq,1000 Genomes phase 3 release,1000 Genomes phase 1 release,Geuvadis"
1727,HG04014,female,SAME1839844,ITU,Telugu,SAS,South Asian Ancestry,ITU,"1000 Genomes on GRCh38,1000 Genomes 30x on GRCh38,1KG_ONT_VIENNA,1000 Genomes phase 3 release"
1731,HG00349,female,SAME124925,FIN,Finnish,EUR,European Ancestry,FIN,"1000 Genomes on GRCh38,1000 Genomes 30x on GRCh38,1KG_ONT_VIENNA,1000 Genomes phase 3 release,1000 Genomes phase 1 release,Geuvadis"
1740,HG00368,female,SAME124535,FIN,Finnish,EUR,European Ancestry,FIN,"1000 Genomes on GRCh38,1000 Genomes 30x on GRCh38,1KG_ONT_VIENNA,MAGE RNA-seq,1000 Genomes phase 3 release,1000 Genomes phase 1 release"
1749,HG00407,female,SAME125106,CHS,Southern Han Chinese,EAS,East Asian Ancestry,CHS,"1000 Genomes on GRCh38,1000 Genomes 30x on GRCh38,1KG_ONT_VIENNA,1000 Genomes phase 3 release,1000 Genomes phase 1 release"
1752,HG00419,female,SAME122991,CHS,Southern Han Chinese,EAS,East Asian Ancestry,CHS,"1000 Genomes on GRCh38,1000 Genomes 30x on GRCh38,1KG_ONT_VIENNA,1000 Genomes phase 3 release,1000 Genomes phase 1 release"
1764,HG00452,female,SAME123115,CHS,Southern Han Chinese,EAS,East Asian Ancestry,CHS,"1000 Genomes on GRCh38,1000 Genomes 30x on GRCh38,1KG_ONT_VIENNA,1000 Genomes phase 3 release,1000 Genomes phase 1 release"
1766,HG04146,male,SAME1839108,BEB,Bengali,SAS,South Asian Ancestry,BEB,"1000 Genomes on GRCh38,1000 Genomes 30x on GRCh38,1KG_ONT_VIENNA,1000 Genomes phase 3 release"
1770,HG00464,female,SAME123497,CHS,Southern Han Chinese,EAS,East Asian Ancestry,CHS,"1000 Genomes on GRCh38,1000 Genomes 30x on GRCh38,1KG_ONT_VIENNA,1000 Genomes phase 3 release,1000 Genomes phase 1 release"
1777,HG04177,female,SAME1839992,BEB,Bengali,SAS,South Asian Ancestry,BEB,"1000 Genomes on GRCh38,1000 Genomes 30x on GRCh38,1KG_ONT_VIENNA,MAGE RNA-seq,1000 Genomes phase 3 release"
1780,NA12889,male,SAME123951,CEU,CEPH,EUR,European Ancestry,CEU,"1000 Genomes on GRCh38,1000 Genomes 30x on GRCh38,1KG_ONT_VIENNA,MAGE RNA-seq,Illumina Platinum pedigree,1000 Genomes phase 3 release,1000 Genomes phase 1 release,Geuvadis"
1799,NA06989,female,SAME124760,CEU,CEPH,EUR,European Ancestry,CEU,"1000 Genomes on GRCh38,1000 Genomes 30x on GRCh38,1KG_ONT_VIENNA,1000 Genomes phase 3 release,1000 Genomes phase 1 release,Geuvadis"
1800,NA18539,female,SAME124475,CHB,Han Chinese,EAS,East Asian Ancestry,CHB,"1000 Genomes on GRCh38,1000 Genomes 30x on GRCh38,1KG_ONT_VIENNA,1000 Genomes phase 3 release,1000 Genomes phase 1 release"
1804,NA18546,male,SAME124263,CHB,Han Chinese,EAS,East Asian Ancestry,CHB,"1000 Genomes on GRCh38,1000 Genomes 30x on GRCh38,1KG_ONT_VIENNA,1000 Genomes phase 3 release,1000 Genomes phase 1 release"
1806,NA18553,female,SAME124088,CHB,Han Chinese,EAS,East Asian Ancestry,CHB,"1000 Genomes on GRCh38,1000 Genomes 30x on GRCh38,1KG_ONT_VIENNA,MAGE RNA-seq,1000 Genomes phase 3 release,1000 Genomes phase 1 release"
1812,NA18565,female,SAME123922,CHB,Han Chinese,EAS,East Asian Ancestry,CHB,"1000 Genomes on GRCh38,1000 Genomes 30x on GRCh38,1KG_ONT_VIENNA,Human Pangenome Reference Consortium, Phase 2,1000 Genomes phase 3 release,1000 Genomes phase 1 release"
1816,NA18577,female,SAME123734,CHB,Han Chinese,EAS,East Asian Ancestry,CHB,"1000 Genomes on GRCh38,1000 Genomes 30x on GRCh38,1KG_ONT_VIENNA,1000 Genomes phase 3 release,1000 Genomes phase 1 release,90 Han Chinese high coverage genomes"
1817,NA12878,female,SAME123392,CEU,CEPH,EUR,European Ancestry,CEU,"1000 Genomes on GRCh38,1000 Genomes 30x on GRCh38,Human Genome Structural Variation Consortium, Phase 2,1KG_ONT_VIENNA,MAGE RNA-seq,Illumina Platinum pedigree,1000 Genomes phase 3 release,1000 Genomes phase 1 release"
1818,NA18591,female,SAME123719,CHB,Han Chinese,EAS,East Asian Ancestry,CHB,"1000 Genomes on GRCh38,1000 Genomes 30x on GRCh38,1KG_ONT_VIENNA,1000 Genomes phase 3 release"
1826,NA18616,female,SAME125032,CHB,Han Chinese,EAS,East Asian Ancestry,CHB,"1000 Genomes on GRCh38,1000 Genomes 30x on GRCh38,1KG_ONT_VIENNA,1000 Genomes phase 3 release,1000 Genomes phase 1 release"
1828,NA18623,male,SAME124507,CHB,Han Chinese,EAS,East Asian Ancestry,CHB,"1000 Genomes on GRCh38,1000 Genomes 30x on GRCh38,1KG_ONT_VIENNA,1000 Genomes phase 3 release,1000 Genomes phase 1 release,90 Han Chinese high coverage genomes"
1835,NA18528,female,SAME124661,CHB,Han Chinese,EAS,East Asian Ancestry,CHB,"1000 Genomes on GRCh38,1000 Genomes 30x on GRCh38,1KG_ONT_VIENNA,MAGE RNA-seq,1000 Genomes phase 3 release,1000 Genomes phase 1 release"
1836,NA18642,female,SAME122982,CHB,Han Chinese,EAS,East Asian Ancestry,CHB,"1000 Genomes on GRCh38,1000 Genomes 30x on GRCh38,1KG_ONT_VIENNA,1000 Genomes phase 3 release,1000 Genomes phase 1 release"
1837,NA18530,male,SAME124484,CHB,Han Chinese,EAS,East Asian Ancestry,CHB,"1000 Genomes on GRCh38,1000 Genomes 30x on GRCh38,1KG_ONT_VIENNA,1000 Genomes phase 3 release,1000 Genomes phase 1 release"
1848,HG00096,male,SAME123268,GBR,British,EUR,European Ancestry,GBR,"1000 Genomes on GRCh38,1000 Genomes 30x on GRCh38,Human Genome Structural Variation Consortium, Phase 2,Human Genome Structural Variation Consortium, Phase 3,1KG_ONT_VIENNA,MAGE RNA-seq,1000 Genomes phase 3 release,1000 Genomes phase 1 release,Geuvadis"
1850,NA18566,female,SAME123923,CHB,Han Chinese,EAS,East Asian Ancestry,CHB,"1000 Genomes on GRCh38,1000 Genomes 30x on GRCh38,1KG_ONT_VIENNA,1000 Genomes phase 3 release,1000 Genomes phase 1 release,90 Han Chinese high coverage genomes"
1856,NA18592,female,SAME123721,CHB,Han Chinese,EAS,East Asian Ancestry,CHB,"1000 Genomes on GRCh38,1000 Genomes 30x on GRCh38,1KG_ONT_VIENNA,1000 Genomes phase 3 release,1000 Genomes phase 1 release,90 Han Chinese high coverage genomes"
1857,HG00111,female,SAME125340,GBR,British,EUR,European Ancestry,GBR,"1000 Genomes on GRCh38,1000 Genomes 30x on GRCh38,1KG_ONT_VIENNA,1000 Genomes phase 3 release,1000 Genomes phase 1 release,Geuvadis"
1858,NA19789,male,SAME123152,MXL,Mexican Ancestry,AMR,American Ancestry,MXL,"1000 Genomes on GRCh38,1000 Genomes 30x on GRCh38,1KG_ONT_VIENNA,MAGE RNA-seq,1000 Genomes phase 3 release,1000 Genomes phase 1 release"
1862,NA18605,male,SAME124877,CHB,Han Chinese,EAS,East Asian Ancestry,CHB,"1000 Genomes on GRCh38,1000 Genomes 30x on GRCh38,1KG_ONT_VIENNA,1000 Genomes phase 3 release,1000 Genomes phase 1 release,90 Han Chinese high coverage genomes"
1863,HG00123,female,SAME122875,GBR,British,EUR,European Ancestry,GBR,"1000 Genomes on GRCh38,1000 Genomes 30x on GRCh38,1KG_ONT_VIENNA,1000 Genomes phase 3 release,1000 Genomes phase 1 release,Geuvadis"
1865,NA18612,male,SAME125036,CHB,Han Chinese,EAS,East Asian Ancestry,CHB,"1000 Genomes on GRCh38,1000 Genomes 30x on GRCh38,1KG_ONT_VIENNA,Human Pangenome Reference Consortium, Phase 2,1000 Genomes phase 3 release,1000 Genomes phase 1 release,90 Han Chinese high coverage genomes"
1866,HG00128,female,SAME122868,GBR,"British,English",EUR,"European Ancestry,West Eurasia (SGDP)","GBR,EnglishSGDP","1000 Genomes on GRCh38,Simons Genome Diversity Project,1000 Genomes 30x on GRCh38,1KG_ONT_VIENNA,Human Pangenome Reference Consortium, Phase 2,1000 Genomes phase 3 release,1000 Genomes phase 1 release,Geuvadis"
1869,HG00130,female,SAME123063,GBR,British,EUR,European Ancestry,GBR,"1000 Genomes on GRCh38,1000 Genomes 30x on GRCh38,1KG_ONT_VIENNA,MAGE RNA-seq,1000 Genomes phase 3 release,1000 Genomes phase 1 release,Geuvadis"
1906,HG01948,female,SAME124144,PEL,Peruvian,AMR,American Ancestry,PEL,"1000 Genomes on GRCh38,1000 Genomes 30x on GRCh38,1KG_ONT_VIENNA,1000 Genomes phase 3 release"
1909,HG01950,male,SAME123977,PEL,Peruvian,AMR,American Ancestry,PEL,"1000 Genomes on GRCh38,1000 Genomes 30x on GRCh38,1KG_ONT_VIENNA,MAGE RNA-seq,1000 Genomes phase 3 release"
1915,HG01967,male,SAME124530,PEL,Peruvian,AMR,American Ancestry,PEL,"1000 Genomes on GRCh38,1000 Genomes 30x on GRCh38,1KG_ONT_VIENNA,1000 Genomes phase 3 release"
1922,NA20503,female,SAME124357,TSI,Toscani,EUR,European Ancestry,TSI,"1000 Genomes on GRCh38,1000 Genomes 30x on GRCh38,1KG_ONT_VIENNA,Human Pangenome Reference Consortium, Phase 2,1000 Genomes phase 3 release,1000 Genomes phase 1 release,Geuvadis"
1940,NA20534,male,SAME124165,TSI,Toscani,EUR,European Ancestry,TSI,"1000 Genomes on GRCh38,1000 Genomes 30x on GRCh38,1KG_ONT_VIENNA,1000 Genomes phase 3 release,1000 Genomes phase 1 release,Geuvadis"
1943,NA20539,male,SAME124164,TSI,Toscani,EUR,European Ancestry,TSI,"1000 Genomes on GRCh38,1000 Genomes 30x on GRCh38,1KG_ONT_VIENNA,1000 Genomes phase 3 release,1000 Genomes phase 1 release,Geuvadis"
1945,HG02016,female,SAME123446,KHV,Kinh Vietnamese,EAS,East Asian Ancestry,KHV,"1000 Genomes on GRCh38,1000 Genomes 30x on GRCh38,1KG_ONT_VIENNA,1000 Genomes phase 3 release"
1949,HG04006,male,SAME1839787,STU,Tamil,SAS,South Asian Ancestry,STU,"1000 Genomes on GRCh38,1000 Genomes 30x on GRCh38,1KG_ONT_VIENNA,1000 Genomes phase 3 release"
1952,HG04018,female,SAME1839565,ITU,Telugu,SAS,South Asian Ancestry,ITU,"1000 Genomes on GRCh38,1000 Genomes 30x on GRCh38,1KG_ONT_VIENNA,1000 Genomes phase 3 release"
1955,HG04020,male,SAME1839685,ITU,Telugu,SAS,South Asian Ancestry,ITU,"1000 Genomes on GRCh38,1000 Genomes 30x on GRCh38,1KG_ONT_VIENNA,1000 Genomes phase 3 release"
1958,HG04025,female,SAME1839614,ITU,Telugu,SAS,South Asian Ancestry,ITU,"1000 Genomes on GRCh38,1000 Genomes 30x on GRCh38,1KG_ONT_VIENNA,MAGE RNA-seq,1000 Genomes phase 3 release"
1965,HG03600,male,SAME1840215,BEB,Bengali,SAS,South Asian Ancestry,BEB,"1000 Genomes on GRCh38,1000 Genomes 30x on GRCh38,1KG_ONT_VIENNA,1000 Genomes phase 3 release"
1970,HG04070,female,SAME1840411,ITU,Telugu,SAS,South Asian Ancestry,ITU,"1000 Genomes on GRCh38,1000 Genomes 30x on GRCh38,1KG_ONT_VIENNA,1000 Genomes phase 3 release"
1979,HG04099,female,SAME1840065,STU,Tamil,SAS,South Asian Ancestry,STU,"1000 Genomes on GRCh38,1000 Genomes 30x on GRCh38,1KG_ONT_VIENNA,1000 Genomes phase 3 release"
1984,HG02105,female,SAME123873,PEL,Peruvian,AMR,American Ancestry,PEL,"1000 Genomes on GRCh38,1000 Genomes 30x on GRCh38,1KG_ONT_VIENNA,MAGE RNA-seq,1000 Genomes phase 3 release"
1987,HG00731,male,SAME125390,PUR,Puerto Rican,AMR,American Ancestry,PUR,"1000 Genomes on GRCh38,1000 Genomes 30x on GRCh38,Human Genome Structural Variation Consortium, Phase 2,Human Genome Structural Variation Consortium, Phase 3,1KG_ONT_VIENNA,MAGE RNA-seq,The Human Genome Structural Variation Consortium,1000 Genomes phase 3 release,1000 Genomes phase 1 release"
1990,HG00736,male,SAME123058,PUR,Puerto Rican,AMR,American Ancestry,PUR,"1000 Genomes on GRCh38,1000 Genomes 30x on GRCh38,1KG_ONT_VIENNA,1000 Genomes phase 3 release,1000 Genomes phase 1 release"
1991,HG04140,male,SAME1839173,BEB,Bengali,SAS,South Asian Ancestry,BEB,"1000 Genomes on GRCh38,1000 Genomes 30x on GRCh38,1KG_ONT_VIENNA,1000 Genomes phase 3 release"
1996,HG00844,male,SAME123952,CDX,Dai Chinese,EAS,East Asian Ancestry,CDX,"1000 Genomes on GRCh38,1000 Genomes 30x on GRCh38,1KG_ONT_VIENNA,MAGE RNA-seq,1000 Genomes phase 3 release"
2009,HG04183,female,SAME1840044,BEB,Bengali,SAS,South Asian Ancestry,BEB,"1000 Genomes on GRCh38,1000 Genomes 30x on GRCh38,1KG_ONT_VIENNA,1000 Genomes phase 3 release"
2021,HG04210,male,SAME1839225,STU,Tamil,SAS,South Asian Ancestry,STU,"1000 Genomes on GRCh38,1000 Genomes 30x on GRCh38,1KG_ONT_VIENNA,1000 Genomes phase 3 release"
2025,NA18941,female,SAME124311,JPT,Japanese,EAS,East Asian Ancestry,JPT,"1000 Genomes on GRCh38,1000 Genomes 30x on GRCh38,1KG_ONT_VIENNA,1000 Genomes phase 3 release,1000 Genomes phase 1 release"
2028,NA18946,female,SAME124312,JPT,Japanese,EAS,East Asian Ancestry,JPT,"1000 Genomes on GRCh38,1000 Genomes 30x on GRCh38,1KG_ONT_VIENNA,1000 Genomes phase 3 release,1000 Genomes phase 1 release"
2030,HG04227,female,SAME1839056,STU,Tamil,SAS,South Asian Ancestry,STU,"1000 Genomes on GRCh38,1000 Genomes 30x on GRCh38,1KG_ONT_VIENNA,MAGE RNA-seq,1000 Genomes phase 3 release"
2031,NA18953,male,SAME124113,JPT,Japanese,EAS,East Asian Ancestry,JPT,"1000 Genomes on GRCh38,1000 Genomes 30x on GRCh38,1KG_ONT_VIENNA,MAGE RNA-seq,1000 Genomes phase 3 release,1000 Genomes phase 1 release"
2034,NA18960,male,SAME123956,JPT,Japanese,EAS,East Asian Ancestry,JPT,"1000 Genomes on GRCh38,1000 Genomes 30x on GRCh38,1KG_ONT_VIENNA,Human Pangenome Reference Consortium, Phase 2,1000 Genomes phase 3 release,1000 Genomes phase 1 release"
2037,NA18965,male,SAME123961,JPT,Japanese,EAS,East Asian Ancestry,JPT,"1000 Genomes on GRCh38,1000 Genomes 30x on GRCh38,1KG_ONT_VIENNA,1000 Genomes phase 3 release,1000 Genomes phase 1 release"
2038,HG01102,female,SAME123678,PUR,Puerto Rican,AMR,American Ancestry,PUR,"1000 Genomes on GRCh38,1000 Genomes 30x on GRCh38,1KG_ONT_VIENNA,1000 Genomes phase 3 release,1000 Genomes phase 1 release"
2040,NA18972,female,SAME123762,JPT,Japanese,EAS,East Asian Ancestry,JPT,"1000 Genomes on GRCh38,1000 Genomes 30x on GRCh38,1KG_ONT_VIENNA,MAGE RNA-seq,1000 Genomes phase 3 release,1000 Genomes phase 1 release"
2041,HG01107,male,SAME123675,PUR,Puerto Rican,AMR,American Ancestry,PUR,"1000 Genomes on GRCh38,1000 Genomes 30x on GRCh38,1KG_ONT_VIENNA,1000 Genomes phase 3 release,1000 Genomes phase 1 release"
2043,NA18977,male,SAME123765,JPT,Japanese,EAS,East Asian Ancestry,JPT,"1000 Genomes on GRCh38,1000 Genomes 30x on GRCh38,1KG_ONT_VIENNA,MAGE RNA-seq,1000 Genomes phase 3 release,1000 Genomes phase 1 release"
2047,HG01119,female,SAME1840402,CLM,Colombian,AMR,American Ancestry,CLM,"1000 Genomes on GRCh38,1000 Genomes 30x on GRCh38,1KG_ONT_VIENNA,1000 Genomes phase 3 release"
2049,NA18989,male,SAME125079,JPT,Japanese,EAS,East Asian Ancestry,JPT,"1000 Genomes on GRCh38,1000 Genomes 30x on GRCh38,Human Genome Structural Variation Consortium, Phase 3,1KG_ONT_VIENNA,1000 Genomes phase 3 release,1000 Genomes phase 1 release"
2050,HG01121,male,SAME1840127,CLM,Colombian,AMR,American Ancestry,CLM,"1000 Genomes on GRCh38,1000 Genomes 30x on GRCh38,1KG_ONT_VIENNA,1000 Genomes phase 3 release"
2056,HG01133,male,SAME123884,CLM,Colombian,AMR,American Ancestry,CLM,"1000 Genomes on GRCh38,1000 Genomes 30x on GRCh38,1KG_ONT_VIENNA,1000 Genomes phase 3 release,1000 Genomes phase 1 release"
2077,HG00565,male,SAME124452,CHS,Southern Han Chinese,EAS,East Asian Ancestry,CHS,"1000 Genomes on GRCh38,1000 Genomes 30x on GRCh38,1KG_ONT_VIENNA,MAGE RNA-seq,1000 Genomes phase 3 release,1000 Genomes phase 1 release"
2083,HG00584,female,SAME124663,CHS,Southern Han Chinese,EAS,East Asian Ancestry,CHS,"1000 Genomes on GRCh38,1000 Genomes 30x on GRCh38,1KG_ONT_VIENNA,1000 Genomes phase 3 release,1000 Genomes phase 1 release,90 Han Chinese high coverage genomes"
2084,NA18940,male,SAME124310,JPT,"Japanese,Japanese",EAS,"East Asia (SGDP),East Asian Ancestry","JapaneseSGDP,JPT","1000 Genomes on GRCh38,Simons Genome Diversity Project,1000 Genomes 30x on GRCh38,1KG_ONT_VIENNA,Human Pangenome Reference Consortium, Phase 2,1000 Genomes phase 3 release,1000 Genomes phase 1 release"
2086,HG00589,male,SAME124824,CHS,Southern Han Chinese,EAS,East Asian Ancestry,CHS,"1000 Genomes on GRCh38,1000 Genomes 30x on GRCh38,1KG_ONT_VIENNA,MAGE RNA-seq,1000 Genomes phase 3 release,1000 Genomes phase 1 release"
2092,HG00596,female,SAME125007,CHS,Southern Han Chinese,EAS,East Asian Ancestry,CHS,"1000 Genomes on GRCh38,1000 Genomes 30x on GRCh38,1KG_ONT_VIENNA,MAGE RNA-seq,1000 Genomes phase 3 release,1000 Genomes phase 1 release"
2100,NA18969,female,SAME123954,JPT,Japanese,EAS,East Asian Ancestry,JPT,"1000 Genomes on GRCh38,1000 Genomes 30x on GRCh38,1KG_ONT_VIENNA,MAGE RNA-seq,1000 Genomes phase 3 release,1000 Genomes phase 1 release"
2102,HG00158,female,SAME124585,GBR,British,EUR,European Ancestry,GBR,"1000 Genomes on GRCh38,1000 Genomes 30x on GRCh38,1KG_ONT_VIENNA,1000 Genomes phase 3 release,1000 Genomes phase 1 release,Geuvadis"
2104,NA18971,male,SAME123763,JPT,Japanese,EAS,East Asian Ancestry,JPT,"1000 Genomes on GRCh38,1000 Genomes 30x on GRCh38,1KG_ONT_VIENNA,MAGE RNA-seq,Human Pangenome Reference Consortium, Phase 2,1000 Genomes phase 3 release,1000 Genomes phase 1 release"
2112,NA18983,male,SAME125074,JPT,Japanese,EAS,East Asian Ancestry,JPT,"1000 Genomes on GRCh38,1000 Genomes 30x on GRCh38,1KG_ONT_VIENNA,Human Pangenome Reference Consortium, Phase 2,1000 Genomes phase 3 release,1000 Genomes phase 1 release"
2116,NA18988,male,SAME125078,JPT,Japanese,EAS,East Asian Ancestry,JPT,"1000 Genomes on GRCh38,1000 Genomes 30x on GRCh38,1KG_ONT_VIENNA,1000 Genomes phase 3 release,1000 Genomes phase 1 release"
2118,HG00235,female,SAME124122,GBR,British,EUR,European Ancestry,GBR,"1000 Genomes on GRCh38,1000 Genomes 30x on GRCh38,1KG_ONT_VIENNA,Human Pangenome Reference Consortium, Phase 2,1000 Genomes phase 3 release,1000 Genomes phase 1 release,Geuvadis"
2122,HG00242,male,SAME123223,GBR,British,EUR,European Ancestry,GBR,"1000 Genomes on GRCh38,1000 Genomes 30x on GRCh38,1KG_ONT_VIENNA,1000 Genomes phase 3 release,1000 Genomes phase 1 release,Geuvadis"
2128,NA19001,female,SAME124478,JPT,Japanese,EAS,East Asian Ancestry,JPT,"1000 Genomes on GRCh38,1000 Genomes 30x on GRCh38,1KG_ONT_VIENNA,1000 Genomes phase 3 release,1000 Genomes phase 1 release"
2130,HG00254,female,SAME123050,GBR,British,EUR,European Ancestry,GBR,"1000 Genomes on GRCh38,1000 Genomes 30x on GRCh38,1KG_ONT_VIENNA,MAGE RNA-seq,1000 Genomes phase 3 release,1000 Genomes phase 1 release"
2135,HG00692,male,SAME123684,CHS,Southern Han Chinese,EAS,East Asian Ancestry,CHS,"1000 Genomes on GRCh38,1000 Genomes 30x on GRCh38,1KG_ONT_VIENNA,1000 Genomes phase 3 release,1000 Genomes phase 1 release"
2138,HG00261,female,SAME123583,GBR,British,EUR,European Ancestry,GBR,"1000 Genomes on GRCh38,1000 Genomes 30x on GRCh38,1KG_ONT_VIENNA,1000 Genomes phase 3 release,1000 Genomes phase 1 release,Geuvadis"
2146,HG00273,male,SAME123419,FIN,Finnish,EUR,European Ancestry,FIN,"1000 Genomes on GRCh38,1000 Genomes 30x on GRCh38,1KG_ONT_VIENNA,1000 Genomes phase 3 release,1000 Genomes phase 1 release,Geuvadis"
2147,HG00717,female,SAME124926,CHS,Southern Han Chinese,EAS,East Asian Ancestry,CHS,"1000 Genomes on GRCh38,1000 Genomes 30x on GRCh38,1KG_ONT_VIENNA,1000 Genomes phase 3 release"
2150,HG00278,male,SAME123425,FIN,Finnish,EUR,European Ancestry,FIN,"1000 Genomes on GRCh38,1000 Genomes 30x on GRCh38,1KG_ONT_VIENNA,1000 Genomes phase 3 release,1000 Genomes phase 1 release,Geuvadis"
2155,HG01518,male,SAME124766,IBS,Iberian,EUR,European Ancestry,IBS,"1000 Genomes on GRCh38,1000 Genomes 30x on GRCh38,1KG_ONT_VIENNA,MAGE RNA-seq,1000 Genomes phase 3 release,1000 Genomes phase 1 release"
2160,NA19068,male,SAME123012,JPT,Japanese,EAS,East Asian Ancestry,JPT,"1000 Genomes on GRCh38,1000 Genomes 30x on GRCh38,1KG_ONT_VIENNA,MAGE RNA-seq,1000 Genomes phase 3 release,1000 Genomes phase 1 release"
2163,HG01525,female,SAME125328,IBS,Iberian,EUR,European Ancestry,IBS,"1000 Genomes on GRCh38,1000 Genomes 30x on GRCh38,1KG_ONT_VIENNA,1000 Genomes phase 3 release"
2164,NA19070,male,SAME122820,JPT,Japanese,EAS,East Asian Ancestry,JPT,"1000 Genomes on GRCh38,1000 Genomes 30x on GRCh38,1KG_ONT_VIENNA,1000 Genomes phase 3 release,1000 Genomes phase 1 release"
2166,HG00324,female,SAME123794,FIN,Finnish,EUR,European Ancestry,FIN,"1000 Genomes on GRCh38,1000 Genomes 30x on GRCh38,1KG_ONT_VIENNA,1000 Genomes phase 3 release,1000 Genomes phase 1 release,Geuvadis"
2175,HG01551,female,SAME124008,CLM,Colombian,AMR,American Ancestry,CLM,"1000 Genomes on GRCh38,1000 Genomes 30x on GRCh38,1KG_ONT_VIENNA,1000 Genomes phase 3 release,1000 Genomes phase 1 release"
2178,HG00336,male,SAME123983,FIN,Finnish,EUR,European Ancestry,FIN,"1000 Genomes on GRCh38,1000 Genomes 30x on GRCh38,1KG_ONT_VIENNA,1000 Genomes phase 3 release,1000 Genomes phase 1 release,Geuvadis"
2191,HG01602,female,SAME123454,IBS,Iberian,EUR,European Ancestry,IBS,"1000 Genomes on GRCh38,1000 Genomes 30x on GRCh38,1KG_ONT_VIENNA,1000 Genomes phase 3 release"
2198,HG00367,female,SAME124540,FIN,Finnish,EUR,European Ancestry,FIN,"1000 Genomes on GRCh38,1000 Genomes 30x on GRCh38,1KG_ONT_VIENNA,1000 Genomes phase 3 release,1000 Genomes phase 1 release,Geuvadis"
2206,HG00381,female,SAME123030,FIN,Finnish,EUR,European Ancestry,FIN,"1000 Genomes on GRCh38,1000 Genomes 30x on GRCh38,1KG_ONT_VIENNA,1000 Genomes phase 3 release,1000 Genomes phase 1 release,Geuvadis"
2211,HG01626,female,SAME123842,IBS,Iberian,EUR,European Ancestry,IBS,"1000 Genomes on GRCh38,1000 Genomes 30x on GRCh38,1KG_ONT_VIENNA,Human Pangenome Reference Consortium, Phase 2,1000 Genomes phase 3 release,1000 Genomes phase 1 release"
2227,HG01676,female,SAME123284,IBS,Iberian,EUR,European Ancestry,IBS,"1000 Genomes on GRCh38,1000 Genomes 30x on GRCh38,1KG_ONT_VIENNA,1000 Genomes phase 3 release"
2230,HG00449,female,SAME123885,CHS,Southern Han Chinese,EAS,East Asian Ancestry,CHS,"1000 Genomes on GRCh38,1000 Genomes 30x on GRCh38,1KG_ONT_VIENNA,1000 Genomes phase 3 release,1000 Genomes phase 1 release"
2233,HG03009,male,SAME1840256,BEB,Bengali,SAS,South Asian Ancestry,BEB,"1000 Genomes on GRCh38,1000 Genomes 30x on GRCh38,Human Genome Structural Variation Consortium, Phase 2,Human Genome Structural Variation Consortium, Phase 3,1KG_ONT_VIENNA,1000 Genomes phase 3 release"
2237,HG03016,female,SAME1839952,PJL,Punjabi,SAS,South Asian Ancestry,PJL,"1000 Genomes on GRCh38,1000 Genomes 30x on GRCh38,1KG_ONT_VIENNA,1000 Genomes phase 3 release"
2242,HG00475,male,SAME123342,CHS,Southern Han Chinese,EAS,East Asian Ancestry,CHS,"1000 Genomes on GRCh38,1000 Genomes 30x on GRCh38,1KG_ONT_VIENNA,MAGE RNA-seq,1000 Genomes phase 3 release,1000 Genomes phase 1 release,90 Han Chinese high coverage genomes"
2253,HG01765,male,SAME1839681,IBS,Iberian,EUR,European Ancestry,IBS,"1000 Genomes on GRCh38,1000 Genomes 30x on GRCh38,1KG_ONT_VIENNA,MAGE RNA-seq,1000 Genomes phase 3 release"
2280,HG01188,female,SAME124927,PUR,Puerto Rican,AMR,American Ancestry,PUR,"1000 Genomes on GRCh38,1000 Genomes 30x on GRCh38,1KG_ONT_VIENNA,MAGE RNA-seq,1000 Genomes phase 3 release,1000 Genomes phase 1 release"
2289,HG01241,male,SAME125065,PUR,Puerto Rican,AMR,American Ancestry,PUR,"1000 Genomes on GRCh38,1000 Genomes 30x on GRCh38,1KG_ONT_VIENNA,1000 Genomes phase 3 release,1000 Genomes phase 1 release"
2305,NA19652,male,SAME124978,MXL,Mexican Ancestry,AMR,American Ancestry,MXL,"1000 Genomes on GRCh38,1000 Genomes 30x on GRCh38,1KG_ONT_VIENNA,1000 Genomes phase 3 release,1000 Genomes phase 1 release"
2307,HG01284,female,SAME1839191,CLM,Colombian,AMR,American Ancestry,CLM,"1000 Genomes on GRCh38,1000 Genomes 30x on GRCh38,1KG_ONT_VIENNA,MAGE RNA-seq,1000 Genomes phase 3 release"
2308,NA19657,female,SAME123129,MXL,Mexican Ancestry,AMR,American Ancestry,MXL,"1000 Genomes on GRCh38,1000 Genomes 30x on GRCh38,1KG_ONT_VIENNA,MAGE RNA-seq,1000 Genomes phase 3 release,1000 Genomes phase 1 release"
2310,HG01311,male,SAME1839796,PUR,Puerto Rican,AMR,American Ancestry,PUR,"1000 Genomes on GRCh38,1000 Genomes 30x on GRCh38,1KG_ONT_VIENNA,1000 Genomes phase 3 release"
2311,NA19664,male,SAME122955,MXL,Mexican Ancestry,AMR,American Ancestry,MXL,"1000 Genomes on GRCh38,1000 Genomes 30x on GRCh38,1KG_ONT_VIENNA,1000 Genomes phase 3 release,1000 Genomes phase 1 release"
2314,NA19669,female,SAME123903,MXL,Mexican Ancestry,AMR,American Ancestry,MXL,"1000 Genomes on GRCh38,1000 Genomes 30x on GRCh38,1KG_ONT_VIENNA,1000 Genomes phase 3 release,1000 Genomes phase 1 release"
2320,NA19676,male,SAME122790,MXL,Mexican Ancestry,AMR,American Ancestry,MXL,"1000 Genomes on GRCh38,1000 Genomes 30x on GRCh38,1KG_ONT_VIENNA,MAGE RNA-seq,1000 Genomes phase 3 release,1000 Genomes phase 1 release"
2331,HG01789,male,SAME124433,GBR,British,EUR,European Ancestry,GBR,"1000 Genomes on GRCh38,1000 Genomes 30x on GRCh38,1KG_ONT_VIENNA,1000 Genomes phase 3 release,Geuvadis"
2334,HG01791,male,SAME124221,GBR,British,EUR,European Ancestry,GBR,"1000 Genomes on GRCh38,1000 Genomes 30x on GRCh38,1KG_ONT_VIENNA,1000 Genomes phase 3 release,Geuvadis"
2337,HG01796,female,SAME124220,CDX,Dai Chinese,EAS,East Asian Ancestry,CDX,"1000 Genomes on GRCh38,1000 Genomes 30x on GRCh38,1KG_ONT_VIENNA,1000 Genomes phase 3 release"
2338,NA19734,female,SAME124873,MXL,Mexican Ancestry,AMR,American Ancestry,MXL,"1000 Genomes on GRCh38,1000 Genomes 30x on GRCh38,1KG_ONT_VIENNA,1000 Genomes phase 3 release,1000 Genomes phase 1 release"
2343,HG01809,female,SAME124299,CDX,Dai Chinese,EAS,East Asian Ancestry,CDX,"1000 Genomes on GRCh38,1000 Genomes 30x on GRCh38,1KG_ONT_VIENNA,MAGE RNA-seq,1000 Genomes phase 3 release"
2350,NA19758,female,SAME123706,MXL,Mexican Ancestry,AMR,American Ancestry,MXL,"1000 Genomes on GRCh38,1000 Genomes 30x on GRCh38,1KG_ONT_VIENNA,MAGE RNA-seq,1000 Genomes phase 3 release,1000 Genomes phase 1 release"
2355,HG00103,male,SAME125151,GBR,British,EUR,European Ancestry,GBR,"1000 Genomes on GRCh38,1000 Genomes 30x on GRCh38,1KG_ONT_VIENNA,1000 Genomes phase 3 release,1000 Genomes phase 1 release,Geuvadis"
2360,HG01859,female,SAME123535,KHV,Kinh Vietnamese,EAS,East Asian Ancestry,KHV,"1000 Genomes on GRCh38,1000 Genomes 30x on GRCh38,1KG_ONT_VIENNA,1000 Genomes phase 3 release"
2361,NA20762,male,SAME124744,TSI,Toscani,EUR,European Ancestry,TSI,"1000 Genomes on GRCh38,1000 Genomes 30x on GRCh38,1KG_ONT_VIENNA,MAGE RNA-seq,Human Pangenome Reference Consortium, Phase 2,1000 Genomes phase 3 release"
2368,HG01866,male,SAME123195,KHV,Kinh Vietnamese,EAS,East Asian Ancestry,KHV,"1000 Genomes on GRCh38,1000 Genomes 30x on GRCh38,1KG_ONT_VIENNA,1000 Genomes phase 3 release"
2370,HG03838,female,SAME1839297,STU,Tamil,SAS,South Asian Ancestry,STU,"1000 Genomes on GRCh38,1000 Genomes 30x on GRCh38,1KG_ONT_VIENNA,1000 Genomes phase 3 release"
2372,HG01873,male,SAME123400,KHV,Kinh Vietnamese,EAS,East Asian Ancestry,KHV,"1000 Genomes on GRCh38,1000 Genomes 30x on GRCh38,1KG_ONT_VIENNA,1000 Genomes phase 3 release"
2381,NA20801,male,SAME125365,TSI,Toscani,EUR,European Ancestry,TSI,"1000 Genomes on GRCh38,1000 Genomes 30x on GRCh38,1KG_ONT_VIENNA,1000 Genomes phase 3 release,1000 Genomes phase 1 release,Geuvadis"
2383,HG00139,male,SAME123060,GBR,British,EUR,European Ancestry,GBR,"1000 Genomes on GRCh38,1000 Genomes 30x on GRCh38,1KG_ONT_VIENNA,1000 Genomes phase 3 release,1000 Genomes phase 1 release,Geuvadis"
2387,HG00141,male,SAME124395,GBR,British,EUR,European Ancestry,GBR,"1000 Genomes on GRCh38,1000 Genomes 30x on GRCh38,1KG_ONT_VIENNA,MAGE RNA-seq,1000 Genomes phase 3 release,1000 Genomes phase 1 release,Geuvadis"
2389,NA20813,female,SAME125189,TSI,Toscani,EUR,European Ancestry,TSI,"1000 Genomes on GRCh38,1000 Genomes 30x on GRCh38,1KG_ONT_VIENNA,1000 Genomes phase 3 release,1000 Genomes phase 1 release,Geuvadis"
2390,HG03869,male,SAME1840104,ITU,Telugu,SAS,South Asian Ancestry,ITU,"1000 Genomes on GRCh38,1000 Genomes 30x on GRCh38,1KG_ONT_VIENNA,1000 Genomes phase 3 release"
2391,HG00146,female,SAME124390,GBR,British,EUR,European Ancestry,GBR,"1000 Genomes on GRCh38,1000 Genomes 30x on GRCh38,1KG_ONT_VIENNA,MAGE RNA-seq,Human Pangenome Reference Consortium, Phase 2,1000 Genomes phase 3 release,1000 Genomes phase 1 release,Geuvadis"
2394,HG03871,male,SAME1840200,ITU,Telugu,SAS,South Asian Ancestry,ITU,"1000 Genomes on GRCh38,1000 Genomes 30x on GRCh38,1KG_ONT_VIENNA,1000 Genomes phase 3 release"
2398,HG01917,male,SAME123235,PEL,Peruvian,AMR,American Ancestry,PEL,"1000 Genomes on GRCh38,1000 Genomes 30x on GRCh38,1KG_ONT_VIENNA,1000 Genomes phase 3 release"
2400,HG03888,female,SAME1840039,STU,Tamil,SAS,South Asian Ancestry,STU,"1000 Genomes on GRCh38,1000 Genomes 30x on GRCh38,1KG_ONT_VIENNA,MAGE RNA-seq,1000 Genomes phase 3 release"
2403,HG03890,male,SAME1839864,STU,Tamil,SAS,South Asian Ancestry,STU,"1000 Genomes on GRCh38,1000 Genomes 30x on GRCh38,1KG_ONT_VIENNA,1000 Genomes phase 3 release"
2406,HG03895,female,SAME1839888,STU,Tamil,SAS,South Asian Ancestry,STU,"1000 Genomes on GRCh38,1000 Genomes 30x on GRCh38,1KG_ONT_VIENNA,1000 Genomes phase 3 release"
2408,NA20863,male,SAME123805,GIH,Gujarati,SAS,South Asian Ancestry,GIH,"1000 Genomes on GRCh38,1000 Genomes 30x on GRCh38,1KG_ONT_VIENNA,1000 Genomes phase 3 release"
2413,HG02136,female,SAME1839865,KHV,Kinh Vietnamese,EAS,East Asian Ancestry,KHV,"1000 Genomes on GRCh38,1000 Genomes 30x on GRCh38,1KG_ONT_VIENNA,MAGE RNA-seq,1000 Genomes phase 3 release"
2425,HG02155,female,SAME124795,CDX,Dai Chinese,EAS,East Asian Ancestry,CDX,"1000 Genomes on GRCh38,1000 Genomes 30x on GRCh38,1KG_ONT_VIENNA,MAGE RNA-seq,Human Pangenome Reference Consortium, Phase 2,1000 Genomes phase 3 release"
2429,NA20899,female,SAME123140,GIH,Gujarati,SAS,South Asian Ancestry,GIH,"1000 Genomes on GRCh38,1000 Genomes 30x on GRCh38,1KG_ONT_VIENNA,1000 Genomes phase 3 release"
2433,HG03941,male,SAME1840353,BEB,Bengali,SAS,South Asian Ancestry,BEB,"1000 Genomes on GRCh38,1000 Genomes 30x on GRCh38,1KG_ONT_VIENNA,1000 Genomes phase 3 release"
2444,HG03965,male,SAME1840063,ITU,Telugu,SAS,South Asian Ancestry,ITU,"1000 Genomes on GRCh38,1000 Genomes 30x on GRCh38,1KG_ONT_VIENNA,1000 Genomes phase 3 release"
2451,HG03837,male,SAME1839291,STU,Tamil,SAS,South Asian Ancestry,STU,"1000 Genomes on GRCh38,1000 Genomes 30x on GRCh38,1KG_ONT_VIENNA,1000 Genomes phase 3 release"
2452,HG03977,female,SAME1839746,ITU,Telugu,SAS,South Asian Ancestry,ITU,"1000 Genomes on GRCh38,1000 Genomes 30x on GRCh38,1KG_ONT_VIENNA,MAGE RNA-seq,1000 Genomes phase 3 release"
2455,HG03844,male,SAME1839166,STU,Tamil,SAS,South Asian Ancestry,STU,"1000 Genomes on GRCh38,1000 Genomes 30x on GRCh38,1KG_ONT_VIENNA,1000 Genomes phase 3 release"
2461,HG00583,male,SAME124829,CHS,Southern Han Chinese,EAS,East Asian Ancestry,CHS,"1000 Genomes on GRCh38,1000 Genomes 30x on GRCh38,1KG_ONT_VIENNA,MAGE RNA-seq,1000 Genomes phase 3 release,1000 Genomes phase 1 release,90 Han Chinese high coverage genomes"
2462,HG02275,female,SAME1840376,PEL,Peruvian,AMR,American Ancestry,PEL,"1000 Genomes on GRCh38,1000 Genomes 30x on GRCh38,1KG_ONT_VIENNA,1000 Genomes phase 3 release"
2464,HG03681,male,SAME1840321,STU,Tamil,SAS,South Asian Ancestry,STU,"1000 Genomes on GRCh38,1000 Genomes 30x on GRCh38,1KG_ONT_VIENNA,1000 Genomes phase 3 release"
2467,HG03856,male,SAME1840291,STU,Tamil,SAS,South Asian Ancestry,STU,"1000 Genomes on GRCh38,1000 Genomes 30x on GRCh38,1KG_ONT_VIENNA,1000 Genomes phase 3 release"
2468,HG03686,male,SAME1840335,STU,Tamil,SAS,South Asian Ancestry,STU,"1000 Genomes on GRCh38,1000 Genomes 30x on GRCh38,1KG_ONT_VIENNA,1000 Genomes phase 3 release"
2471,HG03863,female,SAME1840162,ITU,Telugu,SAS,South Asian Ancestry,ITU,"1000 Genomes on GRCh38,1000 Genomes 30x on GRCh38,1KG_ONT_VIENNA,1000 Genomes phase 3 release"
2473,HG00608,female,SAME125369,CHS,Southern Han Chinese,EAS,East Asian Ancestry,CHS,"1000 Genomes on GRCh38,1000 Genomes 30x on GRCh38,1KG_ONT_VIENNA,1000 Genomes phase 3 release,1000 Genomes phase 1 release"
2474,HG01366,female,SAME125265,CLM,Colombian,AMR,American Ancestry,CLM,"1000 Genomes on GRCh38,1000 Genomes 30x on GRCh38,1KG_ONT_VIENNA,1000 Genomes phase 3 release,1000 Genomes phase 1 release"
2477,HG00610,male,SAME125199,CHS,Southern Han Chinese,EAS,East Asian Ancestry,CHS,"1000 Genomes on GRCh38,1000 Genomes 30x on GRCh38,1KG_ONT_VIENNA,1000 Genomes phase 3 release,1000 Genomes phase 1 release"
2479,HG03870,male,SAME1840196,ITU,Telugu,SAS,South Asian Ancestry,ITU,"1000 Genomes on GRCh38,1000 Genomes 30x on GRCh38,1KG_ONT_VIENNA,1000 Genomes phase 3 release"
2485,HG00622,male,SAME1839278,CHS,Southern Han Chinese,EAS,East Asian Ancestry,CHS,"1000 Genomes on GRCh38,1000 Genomes 30x on GRCh38,1KG_ONT_VIENNA,1000 Genomes phase 3 release"
2486,HG01392,male,SAME1840234,PUR,Puerto Rican,AMR,American Ancestry,PUR,"1000 Genomes on GRCh38,1000 Genomes 30x on GRCh38,1KG_ONT_VIENNA,MAGE RNA-seq,1000 Genomes phase 3 release"
2487,HG03882,female,SAME1839999,ITU,Telugu,SAS,South Asian Ancestry,ITU,"1000 Genomes on GRCh38,1000 Genomes 30x on GRCh38,1KG_ONT_VIENNA,1000 Genomes phase 3 release"
2493,HG00634,male,SAME122903,CHS,Southern Han Chinese,EAS,East Asian Ancestry,CHS,"1000 Genomes on GRCh38,1000 Genomes 30x on GRCh38,1KG_ONT_VIENNA,1000 Genomes phase 3 release,1000 Genomes phase 1 release"
2495,HG03894,female,SAME1839885,STU,Tamil,SAS,South Asian Ancestry,STU,"1000 Genomes on GRCh38,1000 Genomes 30x on GRCh38,1KG_ONT_VIENNA,1000 Genomes phase 3 release"
2498,HG01412,male,SAME1839619,PUR,Puerto Rican,AMR,American Ancestry,PUR,"1000 Genomes on GRCh38,1000 Genomes 30x on GRCh38,1KG_ONT_VIENNA,1000 Genomes phase 3 release"
2501,HG00641,female,SAME123435,PUR,Puerto Rican,AMR,American Ancestry,PUR,"1000 Genomes on GRCh38,1000 Genomes 30x on GRCh38,1KG_ONT_VIENNA,MAGE RNA-seq,1000 Genomes phase 3 release,1000 Genomes phase 1 release"
2510,HG01455,male,SAME123429,CLM,Colombian,AMR,American Ancestry,CLM,"1000 Genomes on GRCh38,1000 Genomes 30x on GRCh38,1KG_ONT_VIENNA,1000 Genomes phase 3 release,1000 Genomes phase 1 release"
2512,HG03756,female,SAME1839080,STU,Tamil,SAS,South Asian Ancestry,STU,"1000 Genomes on GRCh38,1000 Genomes 30x on GRCh38,1KG_ONT_VIENNA,1000 Genomes phase 3 release"
2517,HG00684,female,SAME123890,CHS,Southern Han Chinese,EAS,East Asian Ancestry,CHS,"1000 Genomes on GRCh38,1000 Genomes 30x on GRCh38,1KG_ONT_VIENNA,1000 Genomes phase 3 release,1000 Genomes phase 1 release,90 Han Chinese high coverage genomes"
2518,HG01474,female,SAME1840189,CLM,Colombian,AMR,American Ancestry,CLM,"1000 Genomes on GRCh38,1000 Genomes 30x on GRCh38,1KG_ONT_VIENNA,1000 Genomes phase 3 release"
2522,HG01479,male,SAME1840251,CLM,Colombian,AMR,American Ancestry,CLM,"1000 Genomes on GRCh38,1000 Genomes 30x on GRCh38,1KG_ONT_VIENNA,MAGE RNA-seq,1000 Genomes phase 3 release"
2523,HG03940,female,SAME1840346,BEB,Bengali,SAS,South Asian Ancestry,BEB,"1000 Genomes on GRCh38,1000 Genomes 30x on GRCh38,1KG_ONT_VIENNA,1000 Genomes phase 3 release"
2539,HG03976,male,SAME1839739,ITU,Telugu,SAS,South Asian Ancestry,ITU,"1000 Genomes on GRCh38,1000 Genomes 30x on GRCh38,1KG_ONT_VIENNA,MAGE RNA-seq,1000 Genomes phase 3 release"
2544,HG03802,female,SAME1839608,BEB,Bengali,SAS,South Asian Ancestry,BEB,"1000 Genomes on GRCh38,1000 Genomes 30x on GRCh38,1KG_ONT_VIENNA,1000 Genomes phase 3 release"
2546,HG01506,male,SAME124947,IBS,Iberian,EUR,European Ancestry,IBS,"1000 Genomes on GRCh38,1000 Genomes 30x on GRCh38,1KG_ONT_VIENNA,MAGE RNA-seq,1000 Genomes phase 3 release"
2547,HG03990,male,SAME1839637,STU,Tamil,SAS,South Asian Ancestry,STU,"1000 Genomes on GRCh38,1000 Genomes 30x on GRCh38,1KG_ONT_VIENNA,1000 Genomes phase 3 release"
2550,HG01513,female,SAME124768,IBS,Iberian,EUR,European Ancestry,IBS,"1000 Genomes on GRCh38,1000 Genomes 30x on GRCh38,1KG_ONT_VIENNA,1000 Genomes phase 3 release"
2554,HG04017,male,SAME1839851,ITU,Telugu,SAS,South Asian Ancestry,ITU,"1000 Genomes on GRCh38,1000 Genomes 30x on GRCh38,1KG_ONT_VIENNA,1000 Genomes phase 3 release"
2556,HG03821,male,SAME1839449,BEB,Bengali,SAS,South Asian Ancestry,BEB,"1000 Genomes on GRCh38,1000 Genomes 30x on GRCh38,1KG_ONT_VIENNA,1000 Genomes phase 3 release"
2564,NA19759,male,SAME123707,MXL,Mexican Ancestry,AMR,American Ancestry,MXL,"1000 Genomes on GRCh38,1000 Genomes 30x on GRCh38,1KG_ONT_VIENNA,MAGE RNA-seq,1000 Genomes phase 3 release,1000 Genomes phase 1 release"
2569,HG01550,male,SAME124009,CLM,Colombian,AMR,American Ancestry,CLM,"1000 Genomes on GRCh38,1000 Genomes 30x on GRCh38,1KG_ONT_VIENNA,1000 Genomes phase 3 release,1000 Genomes phase 1 release"
2578,HG04062,female,SAME1839147,ITU,Telugu,SAS,South Asian Ancestry,ITU,"1000 Genomes on GRCh38,1000 Genomes 30x on GRCh38,1KG_ONT_VIENNA,MAGE RNA-seq,1000 Genomes phase 3 release"
2581,HG01586,male,SAME1839879,PJL,Punjabi,SAS,South Asian Ancestry,PJL,"1000 Genomes on GRCh38,1000 Genomes 30x on GRCh38,1KG_ONT_VIENNA,1000 Genomes phase 3 release"
2589,HG01598,female,SAME125239,KHV,Kinh Vietnamese,EAS,East Asian Ancestry,KHV,"1000 Genomes on GRCh38,1000 Genomes 30x on GRCh38,1KG_ONT_VIENNA,MAGE RNA-seq,1000 Genomes phase 3 release"
2597,HG01606,male,SAME123458,IBS,Iberian,EUR,European Ancestry,IBS,"1000 Genomes on GRCh38,1000 Genomes 30x on GRCh38,1KG_ONT_VIENNA,MAGE RNA-seq,1000 Genomes phase 3 release"
2598,HG04118,female,SAME1839379,ITU,Telugu,SAS,South Asian Ancestry,ITU,"1000 Genomes on GRCh38,1000 Genomes 30x on GRCh38,1KG_ONT_VIENNA,1000 Genomes phase 3 release"
2618,HG04156,female,SAME1840389,BEB,Bengali,SAS,South Asian Ancestry,BEB,"1000 Genomes on GRCh38,1000 Genomes 30x on GRCh38,1KG_ONT_VIENNA,MAGE RNA-seq,1000 Genomes phase 3 release"
2634,HG04194,male,SAME1839818,BEB,Bengali,SAS,South Asian Ancestry,BEB,"1000 Genomes on GRCh38,1000 Genomes 30x on GRCh38,1KG_ONT_VIENNA,MAGE RNA-seq,1000 Genomes phase 3 release"
2641,HG01694,male,SAME124844,IBS,Iberian,EUR,European Ancestry,IBS,"1000 Genomes on GRCh38,1000 Genomes 30x on GRCh38,1KG_ONT_VIENNA,1000 Genomes phase 3 release"
2645,HG01699,male,SAME1839210,IBS,Iberian,EUR,European Ancestry,IBS,"1000 Genomes on GRCh38,1000 Genomes 30x on GRCh38,1KG_ONT_VIENNA,1000 Genomes phase 3 release"
2673,HG01776,female,SAME124632,IBS,Iberian,EUR,European Ancestry,IBS,"1000 Genomes on GRCh38,1000 Genomes 30x on GRCh38,1KG_ONT_VIENNA,1000 Genomes phase 3 release"
2678,NA07048,male,SAME124188,CEU,CEPH,EUR,European Ancestry,CEU,"1000 Genomes on GRCh38,1000 Genomes 30x on GRCh38,1KG_ONT_VIENNA,1000 Genomes phase 3 release,1000 Genomes phase 1 release,Geuvadis"
2680,NA20504,female,SAME124360,TSI,Toscani,EUR,European Ancestry,TSI,"1000 Genomes on GRCh38,1000 Genomes 30x on GRCh38,1KG_ONT_VIENNA,1000 Genomes phase 3 release,1000 Genomes phase 1 release,Geuvadis"
2681,HG01942,female,SAME124150,PEL,Peruvian,AMR,American Ancestry,PEL,"1000 Genomes on GRCh38,1000 Genomes 30x on GRCh38,1KG_ONT_VIENNA,1000 Genomes phase 3 release"
2685,HG01947,male,SAME124155,PEL,Peruvian,AMR,American Ancestry,PEL,"1000 Genomes on GRCh38,1000 Genomes 30x on GRCh38,1KG_ONT_VIENNA,1000 Genomes phase 3 release"
2697,HG01961,male,SAME1839067,PEL,Peruvian,AMR,American Ancestry,PEL,"1000 Genomes on GRCh38,1000 Genomes 30x on GRCh38,1KG_ONT_VIENNA,1000 Genomes phase 3 release"
2698,NA10851,male,SAME125317,CEU,CEPH,EUR,European Ancestry,CEU,"1000 Genomes on GRCh38,1000 Genomes 30x on GRCh38,1KG_ONT_VIENNA,1000 Genomes phase 3 release,1000 Genomes phase 1 release,Geuvadis"
2700,NA20530,female,SAME124169,TSI,Toscani,EUR,European Ancestry,TSI,"1000 Genomes on GRCh38,1000 Genomes 30x on GRCh38,1KG_ONT_VIENNA,1000 Genomes phase 3 release,1000 Genomes phase 1 release,Geuvadis"
2717,HG01992,female,SAME124742,PEL,Peruvian,AMR,American Ancestry,PEL,"1000 Genomes on GRCh38,1000 Genomes 30x on GRCh38,1KG_ONT_VIENNA,1000 Genomes phase 3 release"
2721,HG01997,female,SAME124740,PEL,Peruvian,AMR,American Ancestry,PEL,"1000 Genomes on GRCh38,1000 Genomes 30x on GRCh38,1KG_ONT_VIENNA,1000 Genomes phase 3 release"
2725,HG02003,female,SAME123619,PEL,Peruvian,AMR,American Ancestry,PEL,"1000 Genomes on GRCh38,1000 Genomes 30x on GRCh38,1KG_ONT_VIENNA,1000 Genomes phase 3 release"
2753,HG02058,male,SAME125319,KHV,Kinh Vietnamese,EAS,East Asian Ancestry,KHV,"1000 Genomes on GRCh38,1000 Genomes 30x on GRCh38,1KG_ONT_VIENNA,MAGE RNA-seq,1000 Genomes phase 3 release"
2757,HG02060,female,SAME1839679,KHV,Kinh Vietnamese,EAS,East Asian Ancestry,KHV,"1000 Genomes on GRCh38,1000 Genomes 30x on GRCh38,1KG_ONT_VIENNA,1000 Genomes phase 3 release"
2761,HG02072,female,SAME123105,KHV,Kinh Vietnamese,EAS,East Asian Ancestry,KHV,"1000 Genomes on GRCh38,1000 Genomes 30x on GRCh38,1KG_ONT_VIENNA,1000 Genomes phase 3 release"
2773,HG02089,female,SAME124821,PEL,Peruvian,AMR,American Ancestry,PEL,"1000 Genomes on GRCh38,1000 Genomes 30x on GRCh38,1KG_ONT_VIENNA,MAGE RNA-seq,1000 Genomes phase 3 release"
2787,NA21099,male,SAME123325,GIH,Gujarati,SAS,South Asian Ancestry,GIH,"1000 Genomes on GRCh38,1000 Genomes 30x on GRCh38,1KG_ONT_VIENNA,1000 Genomes phase 3 release"
2789,HG02116,male,SAME1839990,KHV,Kinh Vietnamese,EAS,East Asian Ancestry,KHV,"1000 Genomes on GRCh38,1000 Genomes 30x on GRCh38,1KG_ONT_VIENNA,1000 Genomes phase 3 release"
2791,NA21102,female,SAME124438,GIH,Gujarati,SAS,South Asian Ancestry,GIH,"1000 Genomes on GRCh38,1000 Genomes 30x on GRCh38,1KG_ONT_VIENNA,Human Pangenome Reference Consortium, Phase 2,1000 Genomes phase 3 release"
2793,HG02128,male,SAME123475,KHV,Kinh Vietnamese,EAS,East Asian Ancestry,KHV,"1000 Genomes on GRCh38,1000 Genomes 30x on GRCh38,1KG_ONT_VIENNA,MAGE RNA-seq,1000 Genomes phase 3 release"
2797,HG02130,female,SAME1839904,KHV,Kinh Vietnamese,EAS,East Asian Ancestry,KHV,"1000 Genomes on GRCh38,1000 Genomes 30x on GRCh38,1KG_ONT_VIENNA,1000 Genomes phase 3 release"
2799,NA21114,male,SAME124184,GIH,Gujarati,SAS,South Asian Ancestry,GIH,"1000 Genomes on GRCh38,1000 Genomes 30x on GRCh38,1KG_ONT_VIENNA,1000 Genomes phase 3 release"
2806,HG03595,female,SAME1839185,BEB,Bengali,SAS,South Asian Ancestry,BEB,"1000 Genomes on GRCh38,1000 Genomes 30x on GRCh38,1KG_ONT_VIENNA,MAGE RNA-seq,1000 Genomes phase 3 release"
2811,NA21126,male,SAME124026,GIH,Gujarati,SAS,South Asian Ancestry,GIH,"1000 Genomes on GRCh38,1000 Genomes 30x on GRCh38,1KG_ONT_VIENNA,1000 Genomes phase 3 release"
2813,HG02154,female,SAME124794,CDX,Dai Chinese,EAS,East Asian Ancestry,CDX,"1000 Genomes on GRCh38,1000 Genomes 30x on GRCh38,1KG_ONT_VIENNA,1000 Genomes phase 3 release"
2825,HG02178,female,SAME124414,CDX,Dai Chinese,EAS,East Asian Ancestry,CDX,"1000 Genomes on GRCh38,1000 Genomes 30x on GRCh38,1KG_ONT_VIENNA,MAGE RNA-seq,Human Pangenome Reference Consortium, Phase 2,1000 Genomes phase 3 release"
2829,HG02180,female,SAME123208,CDX,Dai Chinese,EAS,East Asian Ancestry,CDX,"1000 Genomes on GRCh38,1000 Genomes 30x on GRCh38,1KG_ONT_VIENNA,1000 Genomes phase 3 release"
2841,HG02224,male,SAME1839579,IBS,Iberian,EUR,European Ancestry,IBS,"1000 Genomes on GRCh38,1000 Genomes 30x on GRCh38,1KG_ONT_VIENNA,1000 Genomes phase 3 release"
2842,HG03672,male,SAME1839020,STU,Tamil,SAS,South Asian Ancestry,STU,"1000 Genomes on GRCh38,1000 Genomes 30x on GRCh38,1KG_ONT_VIENNA,Human Pangenome Reference Consortium, Phase 2,1000 Genomes phase 3 release"
2849,HG02231,male,SAME1839376,IBS,Iberian,EUR,European Ancestry,IBS,"1000 Genomes on GRCh38,1000 Genomes 30x on GRCh38,1KG_ONT_VIENNA,1000 Genomes phase 3 release"
2856,NA21103,female,SAME124439,GIH,Gujarati,SAS,South Asian Ancestry,GIH,"1000 Genomes on GRCh38,1000 Genomes 30x on GRCh38,1KG_ONT_VIENNA,1000 Genomes phase 3 release"
2857,HG02250,male,SAME1839268,CDX,Dai Chinese,EAS,East Asian Ancestry,CDX,"1000 Genomes on GRCh38,1000 Genomes 30x on GRCh38,1KG_ONT_VIENNA,MAGE RNA-seq,1000 Genomes phase 3 release"
2864,NA21110,female,SAME124180,GIH,Gujarati,SAS,South Asian Ancestry,GIH,"1000 Genomes on GRCh38,1000 Genomes 30x on GRCh38,1KG_ONT_VIENNA,MAGE RNA-seq,Human Pangenome Reference Consortium, Phase 2,1000 Genomes phase 3 release"
2873,HG02274,male,SAME1840306,PEL,Peruvian,AMR,American Ancestry,PEL,"1000 Genomes on GRCh38,1000 Genomes 30x on GRCh38,1KG_ONT_VIENNA,MAGE RNA-seq,1000 Genomes phase 3 release"
2876,NA21127,male,SAME124027,GIH,Gujarati,SAS,South Asian Ancestry,GIH,"1000 Genomes on GRCh38,1000 Genomes 30x on GRCh38,1KG_ONT_VIENNA,MAGE RNA-seq,1000 Genomes phase 3 release"
2897,HG00759,female,SAME125020,CDX,Dai Chinese,EAS,East Asian Ancestry,CDX,"1000 Genomes on GRCh38,1000 Genomes 30x on GRCh38,1KG_ONT_VIENNA,1000 Genomes phase 3 release"
2901,HG00766,female,SAME124458,CDX,Dai Chinese,EAS,East Asian Ancestry,CDX,"1000 Genomes on GRCh38,1000 Genomes 30x on GRCh38,1KG_ONT_VIENNA,1000 Genomes phase 3 release"
2913,HG00881,male,SAME123540,CDX,Dai Chinese,EAS,East Asian Ancestry,CDX,"1000 Genomes on GRCh38,1000 Genomes 30x on GRCh38,1KG_ONT_VIENNA,1000 Genomes phase 3 release"
2921,HG00982,male,SAME123770,CDX,Dai Chinese,EAS,East Asian Ancestry,CDX,"1000 Genomes on GRCh38,1000 Genomes 30x on GRCh38,1KG_ONT_VIENNA,1000 Genomes phase 3 release"
2922,HG03019,female,SAME1840060,PJL,Punjabi,SAS,South Asian Ancestry,PJL,"1000 Genomes on GRCh38,1000 Genomes 30x on GRCh38,1KG_ONT_VIENNA,MAGE RNA-seq,1000 Genomes phase 3 release"
2933,HG01048,male,SAME123169,PUR,Puerto Rican,AMR,American Ancestry,PUR,"1000 Genomes on GRCh38,1000 Genomes 30x on GRCh38,1KG_ONT_VIENNA,Human Pangenome Reference Consortium, Phase 2,1000 Genomes phase 3 release,1000 Genomes phase 1 release"
2941,HG01055,female,SAME123638,PUR,Puerto Rican,AMR,American Ancestry,PUR,"1000 Genomes on GRCh38,1000 Genomes 30x on GRCh38,1KG_ONT_VIENNA,MAGE RNA-seq,1000 Genomes phase 3 release,1000 Genomes phase 1 release"
2965,HG01086,female,SAME125394,PUR,Puerto Rican,AMR,American Ancestry,PUR,"1000 Genomes on GRCh38,1000 Genomes 30x on GRCh38,1KG_ONT_VIENNA,1000 Genomes phase 3 release,1000 Genomes phase 1 release"
2973,HG01101,male,SAME123677,PUR,Puerto Rican,AMR,American Ancestry,PUR,"1000 Genomes on GRCh38,1000 Genomes 30x on GRCh38,1KG_ONT_VIENNA,1000 Genomes phase 3 release,1000 Genomes phase 1 release"
2989,HG01137,female,SAME123888,CLM,Colombian,AMR,American Ancestry,CLM,"1000 Genomes on GRCh38,1000 Genomes 30x on GRCh38,1KG_ONT_VIENNA,MAGE RNA-seq,1000 Genomes phase 3 release,1000 Genomes phase 1 release"
2997,HG01168,female,SAME124796,PUR,Puerto Rican,AMR,American Ancestry,PUR,"1000 Genomes on GRCh38,1000 Genomes 30x on GRCh38,1KG_ONT_VIENNA,1000 Genomes phase 3 release,1000 Genomes phase 1 release"
3013,HG01187,male,SAME124783,PUR,Puerto Rican,AMR,American Ancestry,PUR,"1000 Genomes on GRCh38,1000 Genomes 30x on GRCh38,1KG_ONT_VIENNA,1000 Genomes phase 3 release,1000 Genomes phase 1 release"
3025,HG01257,female,SAME125288,CLM,Colombian,AMR,American Ancestry,CLM,"1000 Genomes on GRCh38,1000 Genomes 30x on GRCh38,1KG_ONT_VIENNA,1000 Genomes phase 3 release,1000 Genomes phase 1 release"
3029,HG01269,female,SAME1839257,CLM,Colombian,AMR,American Ancestry,CLM,"1000 Genomes on GRCh38,1000 Genomes 30x on GRCh38,1KG_ONT_VIENNA,1000 Genomes phase 3 release"
3034,HG03228,male,SAME1839232,PJL,Punjabi,SAS,South Asian Ancestry,PJL,"1000 Genomes on GRCh38,1000 Genomes 30x on GRCh38,1KG_ONT_VIENNA,1000 Genomes phase 3 release"
3045,HG01308,male,SAME1840002,PUR,Puerto Rican,AMR,American Ancestry,PUR,"1000 Genomes on GRCh38,1000 Genomes 30x on GRCh38,1KG_ONT_VIENNA,1000 Genomes phase 3 release"
3061,HG01341,male,SAME124859,CLM,Colombian,AMR,American Ancestry,CLM,"1000 Genomes on GRCh38,1000 Genomes 30x on GRCh38,1KG_ONT_VIENNA,MAGE RNA-seq,1000 Genomes phase 3 release,1000 Genomes phase 1 release"
3076,NA19658,male,SAME123132,MXL,Mexican Ancestry,AMR,American Ancestry,MXL,"1000 Genomes on GRCh38,1000 Genomes 30x on GRCh38,1KG_ONT_VIENNA,1000 Genomes phase 3 release,1000 Genomes phase 1 release"
3097,HG01815,female,SAME124524,CDX,Dai Chinese,EAS,East Asian Ancestry,CDX,"1000 Genomes on GRCh38,1000 Genomes 30x on GRCh38,1KG_ONT_VIENNA,1000 Genomes phase 3 release"
3105,HG01846,male,SAME123558,KHV,"Kinh,Kinh Vietnamese",EAS,"East Asia (SGDP),East Asian Ancestry","KinhSGDP,KHV","1000 Genomes on GRCh38,Simons Genome Diversity Project,1000 Genomes 30x on GRCh38,1KG_ONT_VIENNA,MAGE RNA-seq,1000 Genomes phase 3 release"
3109,HG01853,female,SAME123751,KHV,Kinh Vietnamese,EAS,East Asian Ancestry,KHV,"1000 Genomes on GRCh38,1000 Genomes 30x on GRCh38,1KG_ONT_VIENNA,MAGE RNA-seq,1000 Genomes phase 3 release"
3112,NA19723,male,SAME124695,MXL,Mexican Ancestry,AMR,American Ancestry,MXL,"1000 Genomes on GRCh38,1000 Genomes 30x on GRCh38,1KG_ONT_VIENNA,MAGE RNA-seq,1000 Genomes phase 3 release,1000 Genomes phase 1 release"
3116,NA19728,female,SAME124702,MXL,Mexican Ancestry,AMR,American Ancestry,MXL,"1000 Genomes on GRCh38,1000 Genomes 30x on GRCh38,1KG_ONT_VIENNA,1000 Genomes phase 3 release,1000 Genomes phase 1 release"
3121,HG01865,male,SAME123196,KHV,Kinh Vietnamese,EAS,East Asian Ancestry,KHV,"1000 Genomes on GRCh38,1000 Genomes 30x on GRCh38,1KG_ONT_VIENNA,1000 Genomes phase 3 release"
3124,NA19735,male,SAME124874,MXL,Mexican Ancestry,AMR,American Ancestry,MXL,"1000 Genomes on GRCh38,1000 Genomes 30x on GRCh38,1KG_ONT_VIENNA,1000 Genomes phase 3 release,1000 Genomes phase 1 release"
3125,HG01872,male,SAME123995,KHV,Kinh Vietnamese,EAS,East Asian Ancestry,KHV,"1000 Genomes on GRCh38,1000 Genomes 30x on GRCh38,1KG_ONT_VIENNA,MAGE RNA-seq,1000 Genomes phase 3 release"
3132,NA19747,male,SAME123501,MXL,Mexican Ancestry,AMR,American Ancestry,MXL,"1000 Genomes on GRCh38,1000 Genomes 30x on GRCh38,1KG_ONT_VIENNA,1000 Genomes phase 3 release,1000 Genomes phase 1 release"
3146,HG02597,male,SAME1839199,PJL,Punjabi,SAS,South Asian Ancestry,PJL,"1000 Genomes on GRCh38,1000 Genomes 30x on GRCh38,1KG_ONT_VIENNA,MAGE RNA-seq,1000 Genomes phase 3 release"
3149,HG01923,male,SAME123788,PEL,Peruvian,AMR,American Ancestry,PEL,"1000 Genomes on GRCh38,1000 Genomes 30x on GRCh38,1KG_ONT_VIENNA,1000 Genomes phase 3 release"
3150,HG02600,male,SAME1840302,PJL,Punjabi,SAS,South Asian Ancestry,PJL,"1000 Genomes on GRCh38,1000 Genomes 30x on GRCh38,1KG_ONT_VIENNA,1000 Genomes phase 3 release"
3157,HG01935,male,SAME123588,PEL,Peruvian,AMR,American Ancestry,PEL,"1000 Genomes on GRCh38,1000 Genomes 30x on GRCh38,1KG_ONT_VIENNA,1000 Genomes phase 3 release"
3169,HG01377,male,SAME124288,CLM,Colombian,AMR,American Ancestry,CLM,"1000 Genomes on GRCh38,1000 Genomes 30x on GRCh38,1KG_ONT_VIENNA,1000 Genomes phase 3 release,1000 Genomes phase 1 release"
3173,HG01384,female,SAME122969,CLM,Colombian,AMR,American Ancestry,CLM,"1000 Genomes on GRCh38,1000 Genomes 30x on GRCh38,1KG_ONT_VIENNA,1000 Genomes phase 3 release,1000 Genomes phase 1 release"
3177,HG01389,male,SAME122972,CLM,Colombian,AMR,American Ancestry,CLM,"1000 Genomes on GRCh38,1000 Genomes 30x on GRCh38,1KG_ONT_VIENNA,MAGE RNA-seq,1000 Genomes phase 3 release,1000 Genomes phase 1 release"
3185,HG01396,female,SAME1839954,PUR,Puerto Rican,AMR,American Ancestry,PUR,"1000 Genomes on GRCh38,1000 Genomes 30x on GRCh38,1KG_ONT_VIENNA,1000 Genomes phase 3 release"
3190,HG03689,female,SAME1840268,STU,Tamil,SAS,South Asian Ancestry,STU,"1000 Genomes on GRCh38,1000 Genomes 30x on GRCh38,1KG_ONT_VIENNA,1000 Genomes phase 3 release"
3205,HG01447,female,SAME1839099,CLM,Colombian,AMR,American Ancestry,CLM,"1000 Genomes on GRCh38,1000 Genomes 30x on GRCh38,1KG_ONT_VIENNA,MAGE RNA-seq,1000 Genomes phase 3 release"
3206,HG03709,female,SAME1839780,PJL,Punjabi,SAS,South Asian Ancestry,PJL,"1000 Genomes on GRCh38,1000 Genomes 30x on GRCh38,1KG_ONT_VIENNA,MAGE RNA-seq,1000 Genomes phase 3 release"
3210,HG03711,male,SAME1839894,STU,Tamil,SAS,South Asian Ancestry,STU,"1000 Genomes on GRCh38,1000 Genomes 30x on GRCh38,1KG_ONT_VIENNA,MAGE RNA-seq,1000 Genomes phase 3 release"
3222,HG03730,female,SAME1839369,ITU,Telugu,SAS,South Asian Ancestry,ITU,"1000 Genomes on GRCh38,1000 Genomes 30x on GRCh38,1KG_ONT_VIENNA,MAGE RNA-seq,1000 Genomes phase 3 release"
3226,HG03742,male,SAME1839255,ITU,Telugu,SAS,South Asian Ancestry,ITU,"1000 Genomes on GRCh38,1000 Genomes 30x on GRCh38,1KG_ONT_VIENNA,Human Pangenome Reference Consortium, Phase 2,1000 Genomes phase 3 release"
3237,HG01492,female,SAME124137,CLM,Colombian,AMR,American Ancestry,CLM,"1000 Genomes on GRCh38,1000 Genomes 30x on GRCh38,1KG_ONT_VIENNA,MAGE RNA-seq,1000 Genomes phase 3 release,1000 Genomes phase 1 release"
3245,HG01500,male,SAME124941,IBS,Iberian,EUR,European Ancestry,IBS,"1000 Genomes on GRCh38,1000 Genomes 30x on GRCh38,1KG_ONT_VIENNA,1000 Genomes phase 3 release"
3250,HG03780,female,SAME1840112,ITU,Telugu,SAS,South Asian Ancestry,ITU,"1000 Genomes on GRCh38,1000 Genomes 30x on GRCh38,1KG_ONT_VIENNA,MAGE RNA-seq,1000 Genomes phase 3 release"
3253,HG01512,male,SAME124769,IBS,Iberian,EUR,European Ancestry,IBS,"1000 Genomes on GRCh38,1000 Genomes 30x on GRCh38,1KG_ONT_VIENNA,1000 Genomes phase 3 release"
3258,HG03792,male,SAME1839912,ITU,Telugu,SAS,South Asian Ancestry,ITU,"1000 Genomes on GRCh38,1000 Genomes 30x on GRCh38,1KG_ONT_VIENNA,Human Pangenome Reference Consortium, Phase 2,1000 Genomes phase 3 release"
3266,HG03800,male,SAME1839595,BEB,Bengali,SAS,South Asian Ancestry,BEB,"1000 Genomes on GRCh38,1000 Genomes 30x on GRCh38,1KG_ONT_VIENNA,1000 Genomes phase 3 release"
3270,HG03805,female,SAME1839540,BEB,Bengali,SAS,South Asian Ancestry,BEB,"1000 Genomes on GRCh38,1000 Genomes 30x on GRCh38,1KG_ONT_VIENNA,1000 Genomes phase 3 release"
3274,HG03812,male,SAME1839405,BEB,Bengali,SAS,South Asian Ancestry,BEB,"1000 Genomes on GRCh38,1000 Genomes 30x on GRCh38,1KG_ONT_VIENNA,1000 Genomes phase 3 release"
3282,HG03824,male,SAME1839459,BEB,Bengali,SAS,South Asian Ancestry,BEB,"1000 Genomes on GRCh38,1000 Genomes 30x on GRCh38,1KG_ONT_VIENNA,1000 Genomes phase 3 release"
3298,HG02681,male,SAME1839304,PJL,Punjabi,SAS,South Asian Ancestry,PJL,"1000 Genomes on GRCh38,1000 Genomes 30x on GRCh38,1KG_ONT_VIENNA,MAGE RNA-seq,1000 Genomes phase 3 release"
3304,NA20585,female,SAME122861,TSI,Toscani,EUR,European Ancestry,TSI,"1000 Genomes on GRCh38,1000 Genomes 30x on GRCh38,1KG_ONT_VIENNA,1000 Genomes phase 3 release,1000 Genomes phase 1 release,Geuvadis"
3318,HG02737,female,SAME1839857,PJL,Punjabi,SAS,South Asian Ancestry,PJL,"1000 Genomes on GRCh38,1000 Genomes 30x on GRCh38,1KG_ONT_VIENNA,MAGE RNA-seq,1000 Genomes phase 3 release"
3324,NA20775,female,SAME124573,TSI,Toscani,EUR,European Ancestry,TSI,"1000 Genomes on GRCh38,1000 Genomes 30x on GRCh38,1KG_ONT_VIENNA,MAGE RNA-seq,1000 Genomes phase 3 release,1000 Genomes phase 1 release"
3328,NA20787,male,SAME123609,TSI,Toscani,EUR,European Ancestry,TSI,"1000 Genomes on GRCh38,1000 Genomes 30x on GRCh38,1KG_ONT_VIENNA,1000 Genomes phase 3 release,1000 Genomes phase 1 release,Geuvadis"
3357,HG03607,female,SAME1840254,BEB,Bengali,SAS,South Asian Ancestry,BEB,"1000 Genomes on GRCh38,1000 Genomes 30x on GRCh38,1KG_ONT_VIENNA,1000 Genomes phase 3 release"
3364,NA20852,male,SAME123244,GIH,Gujarati,SAS,South Asian Ancestry,GIH,"1000 Genomes on GRCh38,1000 Genomes 30x on GRCh38,1KG_ONT_VIENNA,1000 Genomes phase 3 release"
3380,NA20876,female,SAME123599,GIH,Gujarati,SAS,South Asian Ancestry,GIH,"1000 Genomes on GRCh38,1000 Genomes 30x on GRCh38,1KG_ONT_VIENNA,MAGE RNA-seq,1000 Genomes phase 3 release"
3381,HG03640,female,SAME1839621,PJL,Punjabi,SAS,South Asian Ancestry,PJL,"1000 Genomes on GRCh38,1000 Genomes 30x on GRCh38,1KG_ONT_VIENNA,1000 Genomes phase 3 release"
3385,HG03645,female,SAME1839641,STU,Tamil,SAS,South Asian Ancestry,STU,"1000 Genomes on GRCh38,1000 Genomes 30x on GRCh38,1KG_ONT_VIENNA,1000 Genomes phase 3 release"
3388,NA20888,female,SAME125258,GIH,Gujarati,SAS,South Asian Ancestry,GIH,"1000 Genomes on GRCh38,1000 Genomes 30x on GRCh38,1KG_ONT_VIENNA,MAGE RNA-seq,1000 Genomes phase 3 release"
3392,NA20890,male,SAME123671,GIH,Gujarati,SAS,South Asian Ancestry,GIH,"1000 Genomes on GRCh38,1000 Genomes 30x on GRCh38,1KG_ONT_VIENNA,1000 Genomes phase 3 release"
3398,HG02364,male,SAME1840125,CDX,Dai Chinese,EAS,East Asian Ancestry,CDX,"1000 Genomes on GRCh38,1000 Genomes 30x on GRCh38,1KG_ONT_VIENNA,MAGE RNA-seq,1000 Genomes phase 3 release"
3409,HG02661,female,SAME1839667,PJL,Punjabi,SAS,South Asian Ancestry,PJL,"1000 Genomes on GRCh38,1000 Genomes 30x on GRCh38,1KG_ONT_VIENNA,1000 Genomes phase 3 release"
3414,HG02390,male,SAME1839788,CDX,Dai Chinese,EAS,East Asian Ancestry,CDX,"1000 Genomes on GRCh38,1000 Genomes 30x on GRCh38,1KG_ONT_VIENNA,1000 Genomes phase 3 release"
3425,HG02685,female,SAME1839286,PJL,Punjabi,SAS,South Asian Ancestry,PJL,"1000 Genomes on GRCh38,1000 Genomes 30x on GRCh38,1KG_ONT_VIENNA,1000 Genomes phase 3 release"
3426,HG02410,male,SAME1839207,CDX,Dai Chinese,EAS,East Asian Ancestry,CDX,"1000 Genomes on GRCh38,1000 Genomes 30x on GRCh38,1KG_ONT_VIENNA,1000 Genomes phase 3 release"
3433,HG02697,female,SAME1839142,PJL,Punjabi,SAS,South Asian Ancestry,PJL,"1000 Genomes on GRCh38,1000 Genomes 30x on GRCh38,1KG_ONT_VIENNA,MAGE RNA-seq,1000 Genomes phase 3 release"
3445,HG02724,male,SAME1839740,PJL,"Punjabi,Punjabi",SAS,"South Asia (SGDP),South Asian Ancestry","PunjabiSGDP,PJL","1000 Genomes on GRCh38,Simons Genome Diversity Project,1000 Genomes 30x on GRCh38,1KG_ONT_VIENNA,1000 Genomes phase 3 release"
3466,HG03836,female,SAME1839280,STU,Tamil,SAS,South Asian Ancestry,STU,"1000 Genomes on GRCh38,1000 Genomes 30x on GRCh38,1KG_ONT_VIENNA,1000 Genomes phase 3 release"
3470,HG03848,male,SAME1839187,STU,Tamil,SAS,South Asian Ancestry,STU,"1000 Genomes on GRCh38,1000 Genomes 30x on GRCh38,1KG_ONT_VIENNA,1000 Genomes phase 3 release"
3478,HG03862,female,SAME1840158,ITU,Telugu,SAS,South Asian Ancestry,ITU,"1000 Genomes on GRCh38,1000 Genomes 30x on GRCh38,1KG_ONT_VIENNA,MAGE RNA-seq,1000 Genomes phase 3 release"
3481,HG02793,female,SAME1840415,PJL,Punjabi,SAS,South Asian Ancestry,PJL,"1000 Genomes on GRCh38,1000 Genomes 30x on GRCh38,1KG_ONT_VIENNA,1000 Genomes phase 3 release"
3494,HG03886,female,SAME1840021,STU,Tamil,SAS,South Asian Ancestry,STU,"1000 Genomes on GRCh38,1000 Genomes 30x on GRCh38,1KG_ONT_VIENNA,1000 Genomes phase 3 release"
3518,HG03925,female,SAME1839025,BEB,Bengali,SAS,South Asian Ancestry,BEB,"1000 Genomes on GRCh38,1000 Genomes 30x on GRCh38,1KG_ONT_VIENNA,1000 Genomes phase 3 release"
3538,HG03963,male,SAME1840055,ITU,Telugu,SAS,South Asian Ancestry,ITU,"1000 Genomes on GRCh38,1000 Genomes 30x on GRCh38,1KG_ONT_VIENNA,1000 Genomes phase 3 release"
3542,HG03968,female,SAME1840077,ITU,Telugu,SAS,South Asian Ancestry,ITU,"1000 Genomes on GRCh38,1000 Genomes 30x on GRCh38,1KG_ONT_VIENNA,1000 Genomes phase 3 release"
3545,HG04131,male,SAME1839279,BEB,Bengali,SAS,South Asian Ancestry,BEB,"1000 Genomes on GRCh38,1000 Genomes 30x on GRCh38,1KG_ONT_VIENNA,1000 Genomes phase 3 release"
3550,HG03999,male,SAME1839416,STU,Tamil,SAS,South Asian Ancestry,STU,"1000 Genomes on GRCh38,1000 Genomes 30x on GRCh38,1KG_ONT_VIENNA,1000 Genomes phase 3 release"
3554,NA19086,male,SAME123366,JPT,Japanese,EAS,East Asian Ancestry,JPT,"1000 Genomes on GRCh38,1000 Genomes 30x on GRCh38,1KG_ONT_VIENNA,1000 Genomes phase 3 release,1000 Genomes phase 1 release"
3577,HG04186,female,SAME1839753,BEB,Bengali,SAS,South Asian Ancestry,BEB,"1000 Genomes on GRCh38,1000 Genomes 30x on GRCh38,1KG_ONT_VIENNA,1000 Genomes phase 3 release"
3585,HG04198,male,SAME1839835,ITU,Telugu,SAS,South Asian Ancestry,ITU,"1000 Genomes on GRCh38,1000 Genomes 30x on GRCh38,1KG_ONT_VIENNA,1000 Genomes phase 3 release"
3804,NA20514,female,SAME124558,TSI,Toscani,EUR,European Ancestry,TSI,"1000 Genomes on GRCh38,1000 Genomes 30x on GRCh38,1KG_ONT_VIENNA,1000 Genomes phase 3 release,1000 Genomes phase 1 release,Geuvadis"
3812,HG02382,male,SAME1840025,CDX,Dai Chinese,EAS,East Asian Ancestry,CDX,"1000 Genomes on GRCh38,1000 Genomes 30x on GRCh38,1KG_ONT_VIENNA,1000 Genomes phase 3 release"
3819,NA20538,male,SAME124163,TSI,Toscani,EUR,European Ancestry,TSI,"1000 Genomes on GRCh38,1000 Genomes 30x on GRCh38,1KG_ONT_VIENNA,1000 Genomes phase 3 release,1000 Genomes phase 1 release,Geuvadis"
3822,NA20540,female,SAME125148,TSI,Toscani,EUR,European Ancestry,TSI,"1000 Genomes on GRCh38,1000 Genomes 30x on GRCh38,1KG_ONT_VIENNA,1000 Genomes phase 3 release,1000 Genomes phase 1 release,Geuvadis"
3824,HG02402,male,SAME1839412,CDX,Dai Chinese,EAS,East Asian Ancestry,CDX,"1000 Genomes on GRCh38,1000 Genomes 30x on GRCh38,1KG_ONT_VIENNA,1000 Genomes phase 3 release"
3825,NA21101,female,SAME124441,GIH,Gujarati,SAS,South Asian Ancestry,GIH,"1000 Genomes on GRCh38,1000 Genomes 30x on GRCh38,1KG_ONT_VIENNA,Human Pangenome Reference Consortium, Phase 2,1000 Genomes phase 3 release"
3831,NA21113,male,SAME124181,GIH,Gujarati,SAS,South Asian Ancestry,GIH,"1000 Genomes on GRCh38,1000 Genomes 30x on GRCh38,1KG_ONT_VIENNA,1000 Genomes phase 3 release"
3834,NA21118,male,SAME123585,GIH,Gujarati,SAS,South Asian Ancestry,GIH,"1000 Genomes on GRCh38,1000 Genomes 30x on GRCh38,1KG_ONT_VIENNA,1000 Genomes phase 3 release"
3837,NA21120,female,SAME124028,GIH,Gujarati,SAS,South Asian Ancestry,GIH,"1000 Genomes on GRCh38,1000 Genomes 30x on GRCh38,1KG_ONT_VIENNA,MAGE RNA-seq,1000 Genomes phase 3 release"
3851,HG03690,female,SAME1840365,STU,Tamil,SAS,South Asian Ancestry,STU,"1000 Genomes on GRCh38,1000 Genomes 30x on GRCh38,1KG_ONT_VIENNA,1000 Genomes phase 3 release"
3854,HG03695,male,SAME1840128,STU,Tamil,SAS,South Asian Ancestry,STU,"1000 Genomes on GRCh38,1000 Genomes 30x on GRCh38,1KG_ONT_VIENNA,MAGE RNA-seq,1000 Genomes phase 3 release"
3857,HG03703,female,SAME1840032,PJL,Punjabi,SAS,South Asian Ancestry,PJL,"1000 Genomes on GRCh38,1000 Genomes 30x on GRCh38,1KG_ONT_VIENNA,1000 Genomes phase 3 release"
3860,HG03708,male,SAME1839773,PJL,Punjabi,SAS,South Asian Ancestry,PJL,"1000 Genomes on GRCh38,1000 Genomes 30x on GRCh38,1KG_ONT_VIENNA,1000 Genomes phase 3 release"
3869,HG03722,female,SAME1839664,ITU,Telugu,SAS,South Asian Ancestry,ITU,"1000 Genomes on GRCh38,1000 Genomes 30x on GRCh38,1KG_ONT_VIENNA,1000 Genomes phase 3 release"
3872,HG03727,male,SAME1839695,ITU,Telugu,SAS,South Asian Ancestry,ITU,"1000 Genomes on GRCh38,1000 Genomes 30x on GRCh38,1KG_ONT_VIENNA,MAGE RNA-seq,1000 Genomes phase 3 release"
3875,HG03741,female,SAME1839251,STU,Tamil,SAS,South Asian Ancestry,STU,"1000 Genomes on GRCh38,1000 Genomes 30x on GRCh38,1KG_ONT_VIENNA,MAGE RNA-seq,1000 Genomes phase 3 release"
3878,HG03746,male,SAME1839200,STU,Tamil,SAS,South Asian Ancestry,STU,"1000 Genomes on GRCh38,1000 Genomes 30x on GRCh38,1KG_ONT_VIENNA,1000 Genomes phase 3 release"
3881,HG03753,male,SAME1839062,STU,Tamil,SAS,South Asian Ancestry,STU,"1000 Genomes on GRCh38,1000 Genomes 30x on GRCh38,1KG_ONT_VIENNA,1000 Genomes phase 3 release"
3884,HG03760,female,SAME1839105,STU,Tamil,SAS,South Asian Ancestry,STU,"1000 Genomes on GRCh38,1000 Genomes 30x on GRCh38,1KG_ONT_VIENNA,1000 Genomes phase 3 release"
3896,HG03784,female,SAME1840210,ITU,Telugu,SAS,South Asian Ancestry,ITU,"1000 Genomes on GRCh38,1000 Genomes 30x on GRCh38,1KG_ONT_VIENNA,Human Pangenome Reference Consortium, Phase 2,1000 Genomes phase 3 release"
3908,HG03809,male,SAME1839554,BEB,Bengali,SAS,South Asian Ancestry,BEB,"1000 Genomes on GRCh38,1000 Genomes 30x on GRCh38,1KG_ONT_VIENNA,1000 Genomes phase 3 release"
3951,NA12890,female,SAME124116,CEU,CEPH,EUR,European Ancestry,CEU,"1000 Genomes on GRCh38,1000 Genomes 30x on GRCh38,1KG_ONT_VIENNA,Illumina Platinum pedigree,1000 Genomes phase 3 release,1000 Genomes phase 1 release,Geuvadis"
3972,NA18526,female,SAME124673,CHB,Han Chinese,EAS,East Asian Ancestry,CHB,"1000 Genomes on GRCh38,1000 Genomes 30x on GRCh38,1KG_ONT_VIENNA,1000 Genomes phase 3 release,1000 Genomes phase 1 release,90 Han Chinese high coverage genomes"
3978,NA18538,female,SAME123774,CHB,Han Chinese,EAS,East Asian Ancestry,CHB,"1000 Genomes on GRCh38,1000 Genomes 30x on GRCh38,1KG_ONT_VIENNA,1000 Genomes phase 3 release,1000 Genomes phase 1 release"
3980,HG02490,male,SAME1839625,PJL,Punjabi,SAS,South Asian Ancestry,PJL,"1000 Genomes on GRCh38,1000 Genomes 30x on GRCh38,1KG_ONT_VIENNA,1000 Genomes phase 3 release"
3984,NA18552,female,SAME124089,CHB,Han Chinese,EAS,East Asian Ancestry,CHB,"1000 Genomes on GRCh38,1000 Genomes 30x on GRCh38,1KG_ONT_VIENNA,1000 Genomes phase 3 release,1000 Genomes phase 1 release,90 Han Chinese high coverage genomes"
3989,HG02522,female,SAME1840326,KHV,Kinh Vietnamese,EAS,East Asian Ancestry,KHV,"1000 Genomes on GRCh38,1000 Genomes 30x on GRCh38,1KG_ONT_VIENNA,1000 Genomes phase 3 release"
3993,NA18571,female,SAME123740,CHB,Han Chinese,EAS,East Asian Ancestry,CHB,"1000 Genomes on GRCh38,1000 Genomes 30x on GRCh38,1KG_ONT_VIENNA,1000 Genomes phase 3 release,1000 Genomes phase 1 release,90 Han Chinese high coverage genomes"
3999,NA18595,female,SAME123228,CHB,Han Chinese,EAS,East Asian Ancestry,CHB,"1000 Genomes on GRCh38,1000 Genomes 30x on GRCh38,1KG_ONT_VIENNA,1000 Genomes phase 3 release,1000 Genomes phase 1 release"
4002,NA18603,male,SAME124875,CHB,Han Chinese,EAS,East Asian Ancestry,CHB,"1000 Genomes on GRCh38,1000 Genomes 30x on GRCh38,1KG_ONT_VIENNA,1000 Genomes phase 3 release,1000 Genomes phase 1 release,90 Han Chinese high coverage genomes"
4016,HG02604,female,SAME1840282,PJL,Punjabi,SAS,South Asian Ancestry,PJL,"1000 Genomes on GRCh38,1000 Genomes 30x on GRCh38,1KG_ONT_VIENNA,1000 Genomes phase 3 release"
4023,NA18639,male,SAME124694,CHB,Han Chinese,EAS,East Asian Ancestry,CHB,"1000 Genomes on GRCh38,1000 Genomes 30x on GRCh38,1KG_ONT_VIENNA,MAGE RNA-seq,1000 Genomes phase 3 release,1000 Genomes phase 1 release"
4043,HG03830,male,SAME1839341,BEB,Bengali,SAS,South Asian Ancestry,BEB,"1000 Genomes on GRCh38,1000 Genomes 30x on GRCh38,1KG_ONT_VIENNA,1000 Genomes phase 3 release"
4055,HG03854,male,SAME1840283,STU,Tamil,SAS,South Asian Ancestry,STU,"1000 Genomes on GRCh38,1000 Genomes 30x on GRCh38,1KG_ONT_VIENNA,1000 Genomes phase 3 release"
4062,NA18944,male,SAME124314,JPT,Japanese,EAS,East Asian Ancestry,JPT,"1000 Genomes on GRCh38,1000 Genomes 30x on GRCh38,1KG_ONT_VIENNA,Human Pangenome Reference Consortium, Phase 2,1000 Genomes phase 3 release,1000 Genomes phase 1 release"
4071,NA18956,female,SAME124110,JPT,Japanese,EAS,East Asian Ancestry,JPT,"1000 Genomes on GRCh38,1000 Genomes 30x on GRCh38,1KG_ONT_VIENNA,MAGE RNA-seq,1000 Genomes phase 3 release,1000 Genomes phase 1 release"
4073,HG03900,male,SAME1839476,STU,Tamil,SAS,South Asian Ancestry,STU,"1000 Genomes on GRCh38,1000 Genomes 30x on GRCh38,1KG_ONT_VIENNA,MAGE RNA-seq,1000 Genomes phase 3 release"
4077,NA18968,female,SAME123953,JPT,Japanese,EAS,East Asian Ancestry,JPT,"1000 Genomes on GRCh38,1000 Genomes 30x on GRCh38,1KG_ONT_VIENNA,1000 Genomes phase 3 release,1000 Genomes phase 1 release"
4088,HG03931,female,SAME1840305,BEB,Bengali,SAS,South Asian Ancestry,BEB,"1000 Genomes on GRCh38,1000 Genomes 30x on GRCh38,1KG_ONT_VIENNA,1000 Genomes phase 3 release"
4104,NA19012,male,SAME124260,JPT,Japanese,EAS,East Asian Ancestry,JPT,"1000 Genomes on GRCh38,1000 Genomes 30x on GRCh38,1KG_ONT_VIENNA,Human Pangenome Reference Consortium, Phase 2,1000 Genomes phase 3 release,1000 Genomes phase 1 release"
4122,NA19055,male,SAME125027,JPT,Japanese,EAS,East Asian Ancestry,JPT,"1000 Genomes on GRCh38,1000 Genomes 30x on GRCh38,1KG_ONT_VIENNA,MAGE RNA-seq,1000 Genomes phase 3 release,1000 Genomes phase 1 release"
4124,NA21117,male,SAME124185,GIH,Gujarati,SAS,South Asian Ancestry,GIH,"1000 Genomes on GRCh38,1000 Genomes 30x on GRCh38,1KG_ONT_VIENNA,1000 Genomes phase 3 release"
4127,NA21124,male,SAME124024,GIH,Gujarati,SAS,South Asian Ancestry,GIH,"1000 Genomes on GRCh38,1000 Genomes 30x on GRCh38,1KG_ONT_VIENNA,MAGE RNA-seq,1000 Genomes phase 3 release"
4255,NA19651,female,SAME123123,MXL,Mexican Ancestry,AMR,American Ancestry,MXL,"1000 Genomes on GRCh38,1000 Genomes 30x on GRCh38,1KG_ONT_VIENNA,1000 Genomes phase 3 release,1000 Genomes phase 1 release"
4259,NA19663,female,SAME122961,MXL,Mexican Ancestry,AMR,American Ancestry,MXL,"1000 Genomes on GRCh38,1000 Genomes 30x on GRCh38,1KG_ONT_VIENNA,MAGE RNA-seq,1000 Genomes phase 3 release,1000 Genomes phase 1 release"
4283,NA19740,female,SAME124719,MXL,Mexican Ancestry,AMR,American Ancestry,MXL,"1000 Genomes on GRCh38,1000 Genomes 30x on GRCh38,1KG_ONT_VIENNA,1000 Genomes phase 3 release,1000 Genomes phase 1 release"
4294,NA18974,male,SAME123768,JPT,Japanese,EAS,East Asian Ancestry,JPT,"1000 Genomes on GRCh38,1000 Genomes 30x on GRCh38,1KG_ONT_VIENNA,Human Pangenome Reference Consortium, Phase 2,1000 Genomes phase 3 release,1000 Genomes phase 1 release"
4298,NA18981,female,SAME123426,JPT,Japanese,EAS,East Asian Ancestry,JPT,"1000 Genomes on GRCh38,1000 Genomes 30x on GRCh38,1KG_ONT_VIENNA,1000 Genomes phase 3 release,1000 Genomes phase 1 release"
4310,NA19011,female,SAME124512,JPT,Japanese,EAS,East Asian Ancestry,JPT,"1000 Genomes on GRCh38,1000 Genomes 30x on GRCh38,1KG_ONT_VIENNA,1000 Genomes phase 3 release"
4324,NA19059,female,SAME125023,JPT,Japanese,EAS,East Asian Ancestry,JPT,"1000 Genomes on GRCh38,1000 Genomes 30x on GRCh38,1KG_ONT_VIENNA,1000 Genomes phase 3 release,1000 Genomes phase 1 release"
4330,NA19080,female,SAME125313,JPT,Japanese,EAS,East Asian Ancestry,JPT,"1000 Genomes on GRCh38,1000 Genomes 30x on GRCh38,1KG_ONT_VIENNA,MAGE RNA-seq,1000 Genomes phase 3 release,1000 Genomes phase 1 release"
4337,NA20588,male,SAME122866,TSI,Toscani,EUR,European Ancestry,TSI,"1000 Genomes on GRCh38,1000 Genomes 30x on GRCh38,1KG_ONT_VIENNA,1000 Genomes phase 3 release,1000 Genomes phase 1 release,Geuvadis"
4343,NA20761,female,SAME124363,TSI,Toscani,EUR,European Ancestry,TSI,"1000 Genomes on GRCh38,1000 Genomes 30x on GRCh38,1KG_ONT_VIENNA,1000 Genomes phase 3 release,1000 Genomes phase 1 release,Geuvadis"
4344,NA18525,female,SAME124672,CHB,Han Chinese,EAS,East Asian Ancestry,CHB,"1000 Genomes on GRCh38,1000 Genomes 30x on GRCh38,1KG_ONT_VIENNA,1000 Genomes phase 3 release,1000 Genomes phase 1 release"
4346,NA18532,female,SAME124482,CHB,Han Chinese,EAS,East Asian Ancestry,CHB,"1000 Genomes on GRCh38,1000 Genomes 30x on GRCh38,1KG_ONT_VIENNA,1000 Genomes phase 3 release,1000 Genomes phase 1 release,90 Han Chinese high coverage genomes"
4348,NA18537,female,SAME124485,CHB,Han Chinese,EAS,East Asian Ancestry,CHB,"1000 Genomes on GRCh38,1000 Genomes 30x on GRCh38,1KG_ONT_VIENNA,1000 Genomes phase 3 release,1000 Genomes phase 1 release,90 Han Chinese high coverage genomes"
4349,NA20778,male,SAME124571,TSI,Toscani,EUR,European Ancestry,TSI,"1000 Genomes on GRCh38,1000 Genomes 30x on GRCh38,1KG_ONT_VIENNA,MAGE RNA-seq,1000 Genomes phase 3 release,1000 Genomes phase 1 release,Geuvadis"
4350,NA18544,male,SAME124265,CHB,Han Chinese,EAS,East Asian Ancestry,CHB,"1000 Genomes on GRCh38,1000 Genomes 30x on GRCh38,1KG_ONT_VIENNA,MAGE RNA-seq,1000 Genomes phase 3 release,1000 Genomes phase 1 release"
4351,NA20785,male,SAME123611,TSI,Toscani,EUR,European Ancestry,TSI,"1000 Genomes on GRCh38,1000 Genomes 30x on GRCh38,1KG_ONT_VIENNA,1000 Genomes phase 3 release,1000 Genomes phase 1 release,Geuvadis"
4356,NA18570,female,SAME123741,CHB,Han Chinese,EAS,East Asian Ancestry,CHB,"1000 Genomes on GRCh38,1000 Genomes 30x on GRCh38,1KG_ONT_VIENNA,Human Pangenome Reference Consortium, Phase 2,1000 Genomes phase 3 release,1000 Genomes phase 1 release,90 Han Chinese high coverage genomes"
4359,NA20805,male,SAME125361,TSI,Toscani,EUR,European Ancestry,TSI,"1000 Genomes on GRCh38,1000 Genomes 30x on GRCh38,1KG_ONT_VIENNA,Human Pangenome Reference Consortium, Phase 2,1000 Genomes phase 3 release,1000 Genomes phase 1 release,Geuvadis"
4360,NA18599,female,SAME123713,CHB,Han Chinese,EAS,East Asian Ancestry,CHB,"1000 Genomes on GRCh38,1000 Genomes 30x on GRCh38,1KG_ONT_VIENNA,1000 Genomes phase 3 release,1000 Genomes phase 1 release"
4368,NA18621,male,SAME124509,CHB,Han Chinese,EAS,East Asian Ancestry,CHB,"1000 Genomes on GRCh38,1000 Genomes 30x on GRCh38,1KG_ONT_VIENNA,MAGE RNA-seq,1000 Genomes phase 3 release,1000 Genomes phase 1 release,90 Han Chinese high coverage genomes"
4371,NA20867,male,SAME123809,GIH,Gujarati,SAS,South Asian Ancestry,GIH,"1000 Genomes on GRCh38,1000 Genomes 30x on GRCh38,1KG_ONT_VIENNA,MAGE RNA-seq,1000 Genomes phase 3 release"
4385,NA20901,male,SAME122919,GIH,Gujarati,SAS,South Asian Ancestry,GIH,"1000 Genomes on GRCh38,1000 Genomes 30x on GRCh38,1KG_ONT_VIENNA,1000 Genomes phase 3 release"
4393,NA21098,male,SAME123324,GIH,Gujarati,SAS,South Asian Ancestry,GIH,"1000 Genomes on GRCh38,1000 Genomes 30x on GRCh38,1KG_ONT_VIENNA,MAGE RNA-seq,1000 Genomes phase 3 release"
4486,NA19770,female,SAME124068,MXL,Mexican Ancestry,AMR,American Ancestry,MXL,"1000 Genomes on GRCh38,1000 Genomes 30x on GRCh38,1KG_ONT_VIENNA,MAGE RNA-seq,1000 Genomes phase 3 release,1000 Genomes phase 1 release"
4490,NA19782,female,SAME123145,MXL,Mexican Ancestry,AMR,American Ancestry,MXL,"1000 Genomes on GRCh38,1000 Genomes 30x on GRCh38,1KG_ONT_VIENNA,1000 Genomes phase 3 release,1000 Genomes phase 1 release"
4538,NA20520,male,SAME124019,TSI,Toscani,EUR,European Ancestry,TSI,"1000 Genomes on GRCh38,1000 Genomes 30x on GRCh38,1KG_ONT_VIENNA,1000 Genomes phase 3 release,1000 Genomes phase 1 release,Geuvadis"
4540,NA20525,male,SAME124015,TSI,Toscani,EUR,European Ancestry,TSI,"1000 Genomes on GRCh38,1000 Genomes 30x on GRCh38,1KG_ONT_VIENNA,MAGE RNA-seq,1000 Genomes phase 3 release,1000 Genomes phase 1 release,Geuvadis"
4542,NA20532,male,SAME124171,TSI,Toscani,EUR,European Ancestry,TSI,"1000 Genomes on GRCh38,1000 Genomes 30x on GRCh38,1KG_ONT_VIENNA,MAGE RNA-seq,1000 Genomes phase 3 release,1000 Genomes phase 1 release,Geuvadis"
4562,NA19655,male,SAME124980,MXL,Mexican Ancestry,AMR,American Ancestry,MXL,"1000 Genomes on GRCh38,1000 Genomes 30x on GRCh38,1KG_ONT_VIENNA,1000 Genomes phase 3 release,1000 Genomes phase 1 release"
4568,NA19679,male,SAME122796,MXL,Mexican Ancestry,AMR,American Ancestry,MXL,"1000 Genomes on GRCh38,1000 Genomes 30x on GRCh38,1KG_ONT_VIENNA,1000 Genomes phase 3 release,1000 Genomes phase 1 release"
4580,NA19720,male,SAME124118,MXL,Mexican Ancestry,AMR,American Ancestry,MXL,"1000 Genomes on GRCh38,1000 Genomes 30x on GRCh38,1KG_ONT_VIENNA,1000 Genomes phase 3 release,1000 Genomes phase 1 release"
4588,NA19749,female,SAME124726,MXL,Mexican Ancestry,AMR,American Ancestry,MXL,"1000 Genomes on GRCh38,1000 Genomes 30x on GRCh38,1KG_ONT_VIENNA,1000 Genomes phase 3 release,1000 Genomes phase 1 release"
4650,NA20587,female,SAME123481,TSI,Toscani,EUR,European Ancestry,TSI,"1000 Genomes on GRCh38,1000 Genomes 30x on GRCh38,1KG_ONT_VIENNA,MAGE RNA-seq,1000 Genomes phase 3 release"
4652,NA20753,female,SAME124178,TSI,Toscani,EUR,European Ancestry,TSI,"1000 Genomes on GRCh38,1000 Genomes 30x on GRCh38,1KG_ONT_VIENNA,1000 Genomes phase 3 release,1000 Genomes phase 1 release"
4674,NA20847,female,SAME123432,GIH,Gujarati,SAS,South Asian Ancestry,GIH,"1000 Genomes on GRCh38,1000 Genomes 30x on GRCh38,Human Genome Structural Variation Consortium, Phase 2,Human Genome Structural Variation Consortium, Phase 3,1KG_ONT_VIENNA,MAGE RNA-seq,1000 Genomes phase 3 release"
4680,NA20861,male,SAME123807,GIH,Gujarati,SAS,South Asian Ancestry,GIH,"1000 Genomes on GRCh38,1000 Genomes 30x on GRCh38,1KG_ONT_VIENNA,1000 Genomes phase 3 release"
4682,NA20866,male,SAME123808,GIH,Gujarati,SAS,South Asian Ancestry,GIH,"1000 Genomes on GRCh38,1000 Genomes 30x on GRCh38,1KG_ONT_VIENNA,MAGE RNA-seq,1000 Genomes phase 3 release"
4688,NA20885,male,SAME124525,GIH,Gujarati,SAS,South Asian Ancestry,GIH,"1000 Genomes on GRCh38,1000 Genomes 30x on GRCh38,1KG_ONT_VIENNA,1000 Genomes phase 3 release"
4694,NA20900,female,SAME122920,GIH,Gujarati,SAS,South Asian Ancestry,GIH,"1000 Genomes on GRCh38,1000 Genomes 30x on GRCh38,1KG_ONT_VIENNA,1000 Genomes phase 3 release"
